43200,210,216,5B,5B,4
43200,210,204,5B,5A,16
43200,210,227,5B,5B,6
43200,210,229,5B,5B,9
43200,211,226,5B,5B,148
43200,213,188,5B,5A,36
43200,213,189,5B,5A,15
43200,213,174,5B,4B,13
43200,216,227,5B,5B,123
43200,216,41,5B,1B,1
43200,217,30,5B,1B,2
43200,217,3,5B,1A,1
43200,187,221,5A,5B,28
43200,188,174,5A,4B,1
43200,189,174,5A,4B,2
43200,191,205,5A,5A,79
43200,221,194,5B,5A,34
43200,221,224,5B,5B,14
43200,221,228,5B,5B,46
43200,194,224,5A,5B,15
43200,194,199,5A,5A,3
43200,223,197,5B,5A,8
43200,224,228,5B,5B,18
43200,224,229,5B,5B,15
43200,226,101,5B,3A,1
43200,199,229,5A,5B,54
43200,142,13,4A,1A,2
43200,142,162,4A,4A,34
43200,143,234,4A,Teachers,9
43200,143,161,4A,4A,120
43200,143,184,4A,4B,2
43200,204,229,5A,5B,5
43200,149,150,4A,4A,23
43200,149,181,4A,4B,40
43200,150,82,4A,2B,1
43200,152,161,4A,4A,54
43200,152,177,4A,4B,5
43200,152,184,4A,4B,8
43200,156,120,4A,3B,24
43200,123,127,3B,3B,74
43200,123,176,3B,4B,16
43200,124,129,3B,3B,184
43200,124,46,3B,1B,1
43200,131,159,3B,4A,22
43200,52,87,2A,2B,1
43200,60,87,2A,2B,132
43200,60,93,2A,2B,139
43200,27,6,1B,1A,10
43200,27,46,1B,1B,96
43200,28,81,1B,2B,2
43200,30,5,1B,1A,10
43200,32,36,1B,1B,7
43200,36,41,1B,1B,28
43200,135,7,3B,1A,1
43200,71,82,2B,2B,164
43200,74,85,2B,2B,9
43200,74,94,2B,2B,5
43200,100,238,3A,Teachers,1
43200,100,109,3A,3A,102
43200,159,21,4A,1A,1
43200,237,9,Teachers,1A,8
43200,82,87,2B,2B,5
43200,239,20,Teachers,1A,1
43200,2,47,1A,1B,115
43200,6,46,1A,1B,11
43200,12,20,1A,1A,1
43200,107,115,3A,3A,90
43200,166,162,4B,4A,83
43200,161,184,4A,4B,2
43200,172,177,4B,4B,136
43200,172,184,4B,4B,131
43200,116,119,3A,3A,79
43200,87,93,2B,2B,173
43200,179,94,4B,2B,1
43220,210,194,5B,5A,16
43220,210,199,5B,5A,16
43220,216,114,5B,3A,2
43220,187,194,5A,5A,34
43220,187,224,5A,5B,15
43220,187,228,5A,5B,39
43220,189,227,5A,5B,35
43220,194,228,5A,5B,27
43220,197,201,5A,5A,19
43220,199,204,5A,5A,24
43220,142,166,4A,4B,34
43220,121,135,3B,3B,230
43220,124,81,3B,2B,1
43220,127,176,3B,4B,11
43220,30,114,1B,3A,10
43220,32,19,1B,1A,3
43220,36,0,1B,1A,8
43220,38,43,1B,1B,7
43220,39,1,1B,1A,32
43220,41,0,1B,1A,1
43220,74,179,2B,4B,1
43220,97,8,3A,1A,8
43220,100,106,3A,3A,1
43220,238,109,Teachers,3A,2
43220,82,93,2B,2B,3
43220,1,43,1A,1B,1
43220,5,166,1A,4B,4
43220,5,114,1A,3A,1
43220,106,109,3A,3A,1
43220,13,166,1A,4B,4
43220,176,179,4B,4B,55
43220,179,67,4B,2A,1
43240,208,221,5B,5B,18
43240,211,0,5B,1A,1
43240,213,150,5B,4A,6
43240,216,188,5B,5A,44
43240,216,189,5B,5A,27
43240,217,194,5B,5A,2
43240,188,189,5A,5A,49
43240,226,0,5B,1A,1
43240,197,159,5A,4A,2
43240,143,152,4A,4A,51
43240,150,181,4A,4B,46
43240,156,2,4A,1A,3
43240,120,166,3B,4B,1
43240,121,107,3B,3A,12
43240,131,36,3B,1B,1
43240,131,62,3B,2A,1
43240,55,159,2A,4A,1
43240,56,135,2A,3B,1
43240,234,172,Teachers,4B,1
43240,28,237,1B,Teachers,5
43240,28,9,1B,1A,4
43240,30,0,1B,1A,2
43240,36,6,1B,1A,1
43240,36,46,1B,1B,4
43240,38,39,1B,1B,12
43240,39,41,1B,1B,35
43240,97,101,3A,3A,40
43240,97,114,3A,3A,85
43240,100,107,3A,3A,1
43240,101,114,3A,3A,42
43240,1,16,1A,1A,33
43240,19,46,1A,1B,5
43240,177,184,4B,4B,120
43260,210,13,5B,1A,2
43260,210,162,5B,4A,1
43260,221,0,5B,1A,2
43260,223,201,5B,5A,10
43260,143,177,4A,4B,4
43260,150,85,4A,2B,1
43260,156,107,4A,3A,1
43260,120,94,3B,2B,3
43260,52,101,2A,3A,5
43260,55,56,2A,2A,3
43260,56,75,2A,2B,4
43260,60,71,2A,2B,1
43260,60,82,2A,2B,1
43260,235,67,Teachers,2A,1
43260,30,8,1B,1A,18
43260,71,87,2B,2B,3
43260,71,93,2B,2B,3
43260,158,179,4A,4B,38
43260,99,106,3A,3A,2
43260,101,116,3A,3A,1
43260,237,6,Teachers,1A,1
43260,5,13,1A,1A,3
43260,13,162,1A,4A,2
43280,211,27,5B,1B,1
43280,211,6,5B,1A,1
43280,187,191,5A,5A,14
43280,189,234,5A,Teachers,1
43280,191,194,5A,5A,30
43280,194,205,5A,5A,23
43280,143,172,4A,4B,9
43280,204,166,5A,4B,3
43280,204,162,5A,4A,1
43280,120,116,3B,3A,1
43280,120,119,3B,3A,3
43280,227,234,5B,Teachers,1
43280,27,31,1B,1B,3
43280,27,19,1B,1A,14
43280,38,16,1B,1A,3
43280,42,19,1B,1A,29
43280,42,46,1B,1B,6
43280,135,236,3B,Teachers,1
43280,0,176,1A,4B,1
43280,1,11,1A,1A,12
43280,8,166,1A,4B,1
43280,11,16,1A,1A,6
43280,174,65,4B,2A,1
43300,208,187,5B,5A,7
43300,208,224,5B,5B,6
43300,208,228,5B,5B,10
43300,210,142,5B,4A,5
43300,211,5,5B,1A,1
43300,219,197,5B,5A,99
43300,199,166,5A,4B,1
43300,201,94,5A,2B,3
43300,149,74,4A,2B,1
43300,121,99,3B,3A,16
43300,124,47,3B,1B,1
43300,52,94,2A,2B,6
43300,55,75,2A,2B,3
43300,135,99,3B,3A,27
43300,74,65,2B,2A,17
43300,4,20,1A,1A,1
43300,8,13,1A,1A,7
43300,176,85,4B,2B,2
43320,210,5,5B,1A,3
43320,213,74,5B,2B,1
43320,188,97,5A,3A,1
43320,142,204,4A,5A,1
43320,143,120,4A,3B,1
43320,204,131,5A,3B,2
43320,152,234,4A,Teachers,2
43320,120,174,3B,4B,1
43320,30,166,1B,4B,3
43320,41,42,1B,1B,12
43320,0,43,1A,1B,25
43320,97,6,3A,1A,1
43320,97,67,3A,2A,13
43320,6,67,1A,2A,1
43320,7,62,1A,2A,1
43320,115,162,3A,4A,1
43320,174,93,4B,2B,1
43320,85,65,2B,2A,3
43320,65,67,2A,2A,5
43340,213,109,5B,3A,1
43340,214,149,5B,4A,51
43340,214,150,5B,4A,43
43340,214,97,5B,3A,1
43340,214,181,5B,4B,120
43340,216,46,5B,1B,1
43340,226,100,5B,3A,1
43340,199,13,5A,1A,1
43340,142,5,4A,1A,3
43340,142,176,4A,4B,12
43340,204,13,5A,1A,2
43340,149,109,4A,3A,1
43340,127,160,3B,4A,3
43340,49,82,2A,2B,83
43340,52,62,2A,2A,7
43340,31,40,1B,1B,18
43340,38,47,1B,1B,2
43340,158,0,4A,1A,2
43340,158,160,4A,4A,1
43340,74,82,2B,2B,2
43340,0,179,1A,4B,2
43340,97,109,3A,3A,1
43340,100,93,3A,2B,1
43340,239,65,Teachers,2A,1
43340,7,109,1A,3A,2
43340,160,179,4A,4B,3
43360,210,176,5B,4B,4
43360,213,30,5B,1B,1
43360,213,5,5B,1A,1
43360,217,160,5B,4A,29
43360,194,197,5A,5A,2
43360,204,176,5A,4B,7
43360,121,100,3B,3A,1
43360,121,82,3B,2B,1
43360,56,99,2A,3A,4
43360,234,161,Teachers,4A,6
43360,27,2,1B,1A,2
43360,30,13,1B,1A,2
43360,30,162,1B,4A,2
43360,30,176,1B,4B,2
43360,38,2,1B,1A,23
43360,39,11,1B,1A,10
43360,39,16,1B,1A,1
43360,74,67,2B,2A,21
43360,100,101,3A,3A,1
43360,100,94,3A,2B,1
43360,5,162,1A,4A,2
43360,43,160,1B,4A,1
43360,43,179,1B,4B,1
43380,208,39,5B,1B,1
43380,226,135,5B,3B,3
43380,197,72,5A,2B,1
43380,200,201,5A,5A,114
43380,120,82,3B,2B,1
43380,60,94,2A,2B,2
43380,27,47,1B,1B,1
43380,31,7,1B,1A,1
43380,31,85,1B,2B,3
43380,32,8,1B,1A,1
43380,39,46,1B,1B,7
43380,41,65,1B,2A,2
43380,2,19,1A,1A,1
43380,106,114,3A,3A,8
43380,6,11,1A,1A,2
43380,8,107,1A,3A,3
43380,162,176,4A,4B,10
43380,85,67,2B,2A,42
43380,87,94,2B,2B,4
43380,93,94,2B,2B,4
43400,211,74,5B,2B,3
43400,213,194,5B,5A,1
43400,223,87,5B,2B,1
43400,223,94,5B,2B,1
43400,145,81,4A,2B,6
43400,150,81,4A,2B,15
43400,156,74,4A,2B,2
43400,120,85,3B,2B,1
43400,27,7,1B,1A,8
43400,36,107,1B,3A,1
43400,39,47,1B,1B,124
43400,7,11,1A,1A,8
43420,210,166,5B,4B,3
43420,217,158,5B,4A,26
43420,156,40,4A,1B,2
43420,120,31,3B,1B,2
43420,27,11,1B,1A,4
43420,28,67,1B,2A,2
43420,31,93,1B,2B,14
43420,31,94,1B,2B,19
43420,38,1,1B,1A,2
43420,39,81,1B,2B,3
43420,41,82,1B,2B,1
43420,97,19,3A,1A,2
43420,97,119,3A,3A,1
43420,79,9,2B,1A,1
43420,237,67,Teachers,2A,1
43420,6,19,1A,1A,29
43420,43,62,1B,2A,2
43420,9,67,1A,2A,1
43420,166,176,4B,4B,31
43420,172,114,4B,3A,1
43420,114,177,3A,4B,1
43440,150,46,4A,1B,3
43440,120,72,3B,2B,1
43440,127,43,3B,1B,1
43440,228,5,5B,1A,1
43440,55,172,2A,4B,1
43440,27,16,1B,1A,3
43440,39,116,1B,3A,2
43440,39,119,1B,3A,4
43440,40,94,1B,2B,3
43440,41,9,1B,1A,1
43440,135,237,3B,Teachers,1
43440,71,72,2B,2B,5
43440,72,9,2B,1A,1
43440,72,65,2B,2A,5
43440,97,106,3A,3A,5
43440,81,6,2B,1A,4
43440,237,82,Teachers,2B,1
43440,237,65,Teachers,2A,1
43440,1,177,1A,4B,1
43440,5,8,1A,1A,1
43440,7,16,1A,1A,36
43440,9,65,1A,2A,1
43460,187,74,5A,2B,1
43460,221,36,5B,1B,1
43460,226,120,5B,3B,16
43460,204,227,5A,5B,2
43460,148,83,4A,2B,7
43460,120,135,3B,3B,3
43460,120,114,3B,3A,1
43460,227,166,5B,4B,1
43460,131,43,3B,1B,1
43460,52,1,2A,1A,2
43460,39,184,1B,4B,1
43460,135,0,3B,1A,1
43460,72,82,2B,2B,13
43460,101,106,3A,3A,7
43460,82,65,2B,2A,2
43480,199,101,5A,3A,1
43480,199,114,5A,3A,1
43480,156,228,4A,5B,1
43480,120,228,3B,5B,1
43480,227,32,5B,1B,1
43480,227,107,5B,3A,1
43480,228,27,5B,1B,1
43480,131,56,3B,2A,1
43480,131,83,3B,2B,12
43480,56,83,2A,2B,12
43480,30,87,1B,2B,3
43480,38,159,1B,4A,3
43480,71,74,2B,2B,3
43480,71,79,2B,2B,1
43480,72,79,2B,2B,6
43480,159,47,4A,1B,2
43480,82,85,2B,2B,2
43480,16,184,1A,4B,1
43500,210,30,5B,1B,1
43500,211,39,5B,1B,2
43500,214,93,5B,2B,1
43500,217,179,5B,4B,22
43500,219,150,5B,4A,7
43500,224,204,5B,5A,2
43500,199,121,5A,3B,3
43500,199,162,5A,4A,1
43500,204,205,5A,5A,2
43500,150,6,4A,1A,1
43500,121,229,3B,5B,1
43500,52,65,2A,2A,18
43500,72,85,2B,2B,3
43500,159,94,4A,2B,1
43500,79,85,2B,2B,1
43500,162,67,4A,2A,1
43520,208,194,5B,5A,9
43520,210,74,5B,2B,1
43520,213,227,5B,5B,6
43520,214,159,5B,4A,3
43520,214,87,5B,2B,1
43520,216,36,5B,1B,1
43520,216,2,5B,1A,1
43520,216,47,5B,1B,1
43520,188,2,5A,1A,1
43520,221,172,5B,4B,1
43520,226,1,5B,1A,1
43520,201,39,5A,1B,1
43520,49,52,2A,2A,2
43520,52,71,2A,2B,1
43520,55,72,2A,2B,5
43520,28,41,1B,1B,7
43520,71,99,2B,3A,4
43520,81,181,2B,4B,2
43520,82,62,2B,2A,1
43520,177,119,4B,3A,1
43520,62,65,2A,2A,8
43540,214,199,5B,5A,1
43540,216,204,5B,5A,3
43540,216,176,5B,4B,1
43540,223,200,5B,5A,8
43540,197,81,5A,2B,1
43540,204,47,5A,1B,1
43540,52,27,2A,1B,1
43540,55,74,2A,2B,2
43540,31,135,1B,3B,3
43540,40,135,1B,3B,1
43540,72,94,2B,2B,27
43540,74,97,2B,3A,20
43540,74,7,2B,1A,1
43540,74,177,2B,4B,1
43540,79,94,2B,2B,15
43540,2,115,1A,3A,1
43540,11,19,1A,1A,1
43540,184,119,4B,3A,1
43560,211,184,5B,4B,1
43560,216,166,5B,4B,1
43560,189,224,5A,5B,3
43560,226,81,5B,2B,1
43560,199,156,5A,4A,1
43560,200,184,5A,4B,1
43560,201,5,5A,1A,1
43560,145,150,4A,4A,26
43560,149,114,4A,3A,2
43560,149,162,4A,4A,11
43560,121,31,3B,1B,1
43560,124,30,3B,1B,1
43560,52,67,2A,2A,67
43560,55,65,2A,2A,41
43560,32,40,1B,1B,8
43560,32,101,1B,3A,1
43560,36,40,1B,1B,2
43560,36,94,1B,2B,27
43560,39,2,1B,1A,72
43560,39,94,1B,2B,58
43560,41,107,1B,3A,1
43560,41,162,1B,4A,2
43560,42,107,1B,3A,2
43560,135,85,3B,2B,1
43560,72,81,2B,2B,17
43560,72,93,2B,2B,1
43560,97,93,3A,2B,2
43560,79,93,2B,2B,2
43560,81,85,2B,2B,2
43560,2,172,1A,4B,1
43560,5,119,1A,3A,2
43560,7,19,1A,1A,1
43560,13,172,1A,4B,3
43580,213,216,5B,5B,3
43580,214,145,5B,4A,25
43580,216,101,5B,3A,1
43580,223,135,5B,3B,4
43580,199,129,5A,3B,2
43580,200,116,5A,3A,1
43580,55,30,2A,1B,1
43580,60,43,2A,1B,2
43580,30,19,1B,1A,17
43580,36,39,1B,1B,4
43580,40,5,1B,1A,58
43580,79,81,2B,2B,1
43580,1,94,1A,2B,3
43580,1,67,1A,2A,1
43580,5,46,1A,1B,2
43580,107,46,3A,1B,1
43580,94,67,2B,2A,4
43600,217,8,5B,1A,1
43600,219,109,5B,3A,1
43600,226,177,5B,4B,3
43600,197,100,5A,3A,1
43600,124,67,3B,2A,1
43600,129,5,3B,1A,2
43600,52,16,2A,1A,3
43600,28,97,1B,3A,4
43600,30,11,1B,1A,1
43600,30,16,1B,1A,2
43600,30,65,1B,2A,3
43600,31,5,1B,1A,3
43600,42,97,1B,3A,2
43600,42,5,1B,1A,5
43600,97,107,3A,3A,1
43600,101,6,3A,1A,1
43600,11,62,1A,2A,22
43600,13,94,1A,2B,3
43600,13,65,1A,2A,1
43600,16,65,1A,2A,2
43620,211,177,5B,4B,1
43620,213,205,5B,5A,4
43620,213,67,5B,2A,2
43620,189,107,5A,3A,1
43620,223,121,5B,3B,2
43620,226,172,5B,4B,3
43620,123,159,3B,4A,38
43620,129,28,3B,1B,1
43620,36,93,1B,2B,1
43620,41,5,1B,1A,12
43620,71,43,2B,1B,5
43620,0,119,1A,3A,2
43620,79,107,2B,3A,4
43620,115,67,3A,2A,1
43620,116,85,3A,2B,21
43620,94,65,2B,2A,8
43640,213,107,5B,3A,1
43640,129,119,3B,3A,1
43640,52,72,2A,2B,4
43640,55,94,2A,2B,2
43640,60,32,2A,1B,1
43640,27,0,1B,1A,1
43640,31,38,1B,1B,4
43640,38,40,1B,1B,2
43640,41,106,1B,3A,1
43640,42,101,1B,3A,2
43640,0,11,1A,1A,1
43640,43,46,1B,1B,4
43640,11,94,1A,2B,2
43640,114,116,3A,3A,2
43660,197,204,5A,5A,3
43660,197,176,5A,4B,1
43660,143,238,4A,Teachers,1
43660,149,83,4A,2B,4
43660,27,94,1B,2B,18
43660,30,36,1B,1B,3
43660,72,16,2B,1A,1
43660,159,109,4A,3A,1
43660,1,2,1A,1A,10
43660,107,116,3A,3A,2
43680,211,85,5B,2B,1
43680,211,67,5B,2A,1
43680,226,67,5B,2A,1
43680,197,166,5A,4B,2
43680,121,159,3B,4A,13
43680,52,114,2A,3A,7
43680,60,74,2A,2B,1
43680,32,74,1B,2B,2
43680,32,5,1B,1A,1
43680,39,62,1B,2A,1
43680,74,93,2B,2B,1
43680,99,115,3A,3A,2
43680,100,85,3A,2B,2
43680,237,239,Teachers,Teachers,2
43680,106,116,3A,3A,3
43680,6,13,1A,1A,2
43680,109,85,3A,2B,2
43680,114,65,3A,2A,8
43700,219,204,5B,5A,2
43700,226,74,5B,2B,2
43700,143,7,4A,1A,1
43700,41,116,1B,3A,3
43700,71,81,2B,2B,23
43700,75,107,2B,3A,1
43700,81,82,2B,2B,30
43700,81,93,2B,2B,19
43700,239,9,Teachers,1A,1
43700,2,7,1A,1A,5
43700,115,119,3A,3A,1
43700,87,62,2B,2A,2
43700,93,119,2B,3A,1
43700,119,67,3A,2A,1
43720,214,226,5B,5B,2
43720,214,74,5B,2B,2
43720,205,159,5A,4A,1
43720,124,52,3B,2A,1
43720,129,52,3B,2A,1
43720,56,93,2A,2B,2
43720,56,62,2A,2A,21
43720,32,97,1B,3A,2
43720,2,6,1A,1A,1
43720,107,119,3A,3A,3
43720,115,85,3A,2B,2
43720,93,67,2B,2A,3
43720,62,47,2A,1B,2
43740,211,213,5B,5B,6
43740,211,189,5B,5A,41
43740,213,226,5B,5B,12
43740,219,142,5B,4A,2
43740,189,226,5A,5B,11
43740,199,228,5A,5B,1
43740,124,55,3B,2A,1
43740,27,1,1B,1A,4
43740,32,39,1B,1B,2
43740,40,41,1B,1B,2
43740,41,46,1B,1B,5
43740,72,101,2B,3A,1
43740,100,159,3A,4A,1
43740,2,5,1A,1A,21
43740,2,43,1A,1B,20
43740,2,46,1A,1B,3
43740,6,43,1A,1B,7
43740,6,16,1A,1A,5
43760,216,107,5B,3A,4
43760,216,115,5B,3A,2
43760,188,150,5A,4A,1
43760,221,229,5B,5B,2
43760,149,131,4A,3B,4
43760,121,74,3B,2B,1
43760,52,55,2A,2A,2
43760,55,28,2A,1B,1
43760,56,67,2A,2A,8
43760,27,5,1B,1A,1
43760,27,13,1B,1A,7
43760,28,65,1B,2A,1
43760,42,13,1B,1A,24
43780,216,75,5B,2B,1
43780,216,106,5B,3A,1
43780,197,200,5A,5A,10
43780,123,166,3B,4B,2
43780,52,32,2A,1B,1
43780,56,85,2A,2B,2
43780,60,62,2A,2A,1
43780,27,42,1B,1B,13
43780,28,2,1B,1A,37
43780,32,7,1B,1A,1
43780,36,7,1B,1A,15
43780,135,161,3B,4A,5
43780,43,19,1B,1A,1
43800,214,223,5B,5B,12
43800,143,227,4A,5B,42
43800,156,135,4A,3B,18
43800,156,159,4A,4A,46
43800,156,106,4A,3A,1
43800,121,116,3B,3A,1
43800,124,114,3B,3A,1
43800,127,179,3B,4B,8
43800,49,71,2A,2B,59
43800,49,0,2A,1A,38
43800,49,81,2A,2B,5
43800,55,41,2A,1B,1
43800,56,97,2A,3A,7
43800,56,94,2A,2B,24
43800,60,28,2A,1B,1
43800,60,7,2A,1A,1
43800,38,13,1B,1A,64
43800,135,159,3B,4A,17
43800,74,0,2B,1A,3
43800,74,62,2B,2A,3
43800,99,114,3A,3A,1
43800,159,116,4A,3A,1
43800,79,46,2B,1B,2
43800,82,67,2B,2A,2
43800,2,85,1A,2B,1
43800,7,87,1A,2B,1
43800,11,13,1A,1A,45
43800,13,19,1A,1A,3
43800,160,176,4A,4B,13
43800,65,46,2A,1B,2
43820,214,152,5B,4A,5
43820,214,115,5B,3A,1
43820,219,181,5B,4B,4
43820,224,199,5B,5A,49
43820,199,107,5A,3A,4
43820,152,107,4A,3A,1
43820,152,172,4A,4B,4
43820,152,115,4A,3A,1
43820,129,106,3B,3A,2
43820,32,65,1B,2A,2
43820,41,72,1B,2B,2
43820,106,161,3A,4A,3
43820,43,11,1B,1A,2
43820,107,161,3A,4A,1
43820,160,166,4A,4B,39
43820,115,177,3A,4B,7
43820,87,65,2B,2A,21
43820,87,46,2B,1B,1
43820,62,67,2A,2A,1
43840,143,148,4A,4A,2
43840,150,156,4A,4A,1
43840,121,124,3B,3B,7
43840,121,129,3B,3B,5
43840,124,106,3B,3A,1
43840,129,135,3B,3B,5
43840,229,166,5B,4B,1
43840,28,39,1B,1B,61
43840,28,7,1B,1A,2
43840,28,47,1B,1B,59
43840,30,31,1B,1B,33
43840,30,32,1B,1B,2
43840,32,46,1B,1B,34
43840,0,97,1A,3A,1
43840,0,101,1A,3A,1
43840,97,100,3A,3A,2
43840,100,114,3A,3A,2
43840,2,93,1A,2B,6
43840,5,11,1A,1A,3
43840,172,179,4B,4B,1
43860,208,204,5B,5A,13
43860,189,106,5A,3A,1
43860,194,143,5A,4A,1
43860,148,179,4A,4B,29
43860,152,176,4A,4B,3
43860,156,131,4A,3B,6
43860,156,176,4A,4B,2
43860,227,161,5B,4A,13
43860,131,135,3B,3B,43
43860,229,177,5B,4B,2
43860,42,65,1B,2A,1
43860,100,8,3A,1A,1
43860,159,106,4A,3A,11
43860,81,114,2B,3A,1
43860,82,114,2B,3A,1
43860,5,65,1A,2A,54
43860,7,93,1A,2B,3
43860,114,94,3A,2B,2
43880,208,201,5B,5A,3
43880,188,191,5A,5A,1
43880,143,156,4A,4A,3
43880,143,124,4A,3B,1
43880,143,159,4A,4A,2
43880,143,107,4A,3A,2
43880,148,149,4A,4A,3
43880,149,179,4A,4B,3
43880,120,123,3B,3B,15
43880,120,127,3B,3B,12
43880,120,106,3B,3A,55
43880,123,179,3B,4B,7
43880,127,106,3B,3A,9
43880,228,177,5B,4B,3
43880,49,99,2A,3A,2
43880,52,60,2A,2A,1
43880,60,46,2A,1B,2
43880,38,93,1B,2B,2
43880,39,97,1B,3A,3
43880,74,8,2B,1A,3
43880,75,83,2B,2B,2
43880,7,46,1A,1B,2
43900,208,199,5B,5A,50
43900,216,229,5B,5B,5
43900,187,205,5A,5A,16
43900,191,228,5A,5B,24
43900,204,120,5A,3B,2
43900,204,123,5A,3B,1
43900,204,127,5A,3B,2
43900,123,106,3B,3A,26
43900,49,116,2A,3A,2
43900,49,119,2A,3A,1
43900,55,87,2A,2B,72
43900,27,72,1B,2B,77
43900,32,72,1B,2B,30
43900,74,47,2B,1B,2
43900,99,116,3A,3A,22
43900,99,119,3A,3A,25
43900,81,2,2B,1A,3
43900,82,109,2B,3A,1
43900,2,114,1A,3A,2
43900,8,67,1A,2A,52
43900,8,47,1A,1B,2
43900,160,162,4A,4A,18
43900,116,83,3A,2B,2
43900,83,119,2B,3A,2
43920,188,226,5A,5B,14
43920,226,159,5B,4A,1
43920,123,158,3B,4A,25
43920,127,158,3B,4A,10
43920,49,100,2A,3A,1
43920,56,109,2A,3A,7
43920,28,8,1B,1A,7
43920,41,1,1B,1A,71
43920,71,0,2B,1A,68
43920,97,81,3A,2B,1
43920,99,83,3A,2B,8
43920,100,119,3A,3A,34
43920,101,82,3A,2B,1
43920,82,2,2B,1A,2
43920,43,93,1B,2B,4
43920,116,94,3A,2B,1
43940,208,229,5B,5B,18
43940,120,158,3B,4A,5
43940,52,2,2A,1A,2
43940,36,1,1B,1A,20
43940,38,65,1B,2A,2
43940,40,65,1B,2A,65
43940,41,7,1B,1A,68
43940,41,16,1B,1A,39
43940,158,106,4A,3A,2
43940,116,62,3A,2A,3
43940,94,62,2B,2A,3
43940,62,119,2A,3A,40
43960,217,124,5B,3B,2
43960,223,224,5B,5B,3
43960,199,120,5A,3B,2
43960,205,135,5A,3B,2
43960,120,229,3B,5B,1
43960,52,28,2A,1B,4
43960,52,8,2A,1A,76
43960,28,85,1B,2B,2
43960,39,85,1B,2B,2
43960,8,85,1A,2B,40
43980,208,227,5B,5B,6
43980,211,216,5B,5B,28
43980,219,187,5B,5A,3
43980,224,135,5B,3B,4
43980,199,106,5A,3A,1
43980,143,150,4A,4A,8
43980,145,181,4A,4B,16
43980,52,42,2A,1B,72
43980,52,85,2A,2B,100
43980,39,67,1B,2A,2
43980,74,101,2B,3A,6
43980,74,114,2B,3A,79
43980,97,85,3A,2B,1
44000,217,131,5B,3B,1
44000,204,106,5A,3A,1
44000,150,161,4A,4A,9
44000,55,60,2A,2A,29
44000,55,93,2A,2B,23
44000,28,11,1B,1A,8
44000,31,101,1B,3A,29
44000,38,74,1B,2B,92
44000,42,8,1B,1A,82
44000,42,85,1B,2B,38
44000,238,239,Teachers,Teachers,1
44000,1,7,1A,1A,79
44000,83,62,2B,2A,2
44020,28,43,1B,1B,56
44020,71,94,2B,2B,6
44020,100,116,3A,3A,12
44020,79,7,2B,1A,16
44040,213,224,5B,5B,4
44040,216,199,5B,5A,4
44040,188,224,5A,5B,2
44040,150,152,4A,4A,7
44040,124,179,3B,4B,4
44040,49,94,2A,2B,3
44040,42,116,1B,3A,37
44040,42,67,1B,2A,44
44040,100,11,3A,1A,5
44040,79,16,2B,1A,14
44040,81,94,2B,2B,2
44040,81,119,2B,3A,1
44040,82,94,2B,2B,2
44040,43,47,1B,1B,45
44040,116,67,3A,2A,47
44040,93,47,2B,1B,4
44060,211,159,5B,4A,3
44060,216,200,5B,5A,4
44060,191,223,5A,5B,1
44060,200,227,5A,5B,2
44060,149,158,4A,4A,2
44060,123,107,3B,3A,19
44060,127,107,3B,3A,13
44060,131,158,3B,4A,4
44060,131,179,3B,4B,2
44060,52,116,2A,3A,24
44060,56,72,2A,2B,15
44060,28,94,1B,2B,43
44060,159,107,4A,3A,2
44060,81,19,2B,1A,80
44060,11,109,1A,3A,25
44060,94,47,2B,1B,63
44080,211,223,5B,5B,10
44080,213,191,5B,5A,1
44080,189,194,5A,5A,3
44080,223,159,5B,4A,1
44080,223,107,5B,3A,1
44080,131,106,3B,3A,92
44080,56,11,2A,1A,33
44080,27,32,1B,1B,50
44080,39,43,1B,1B,24
44080,0,82,1A,2B,21
44080,0,6,1A,1A,18
44080,159,161,4A,4A,2
44080,8,116,1A,3A,33
44100,216,223,5B,5B,5
44100,216,143,5B,4A,10
44100,217,149,5B,4A,2
44100,223,226,5B,5B,9
44100,200,150,5A,4A,2
44100,229,179,5B,4B,1
44100,49,6,2A,1A,14
44100,28,99,1B,3A,1
44100,31,19,1B,1A,46
44100,40,83,1B,2B,14
44100,99,81,3A,2B,2
44100,101,19,3A,1A,28
44100,83,87,2B,2B,37
44100,83,65,2B,2A,58
44120,210,172,5B,4B,1
44120,216,150,5B,4A,3
44120,216,161,5B,4A,7
44120,191,221,5A,5B,12
44120,221,205,5B,5A,14
44120,150,227,4A,5B,2
44120,228,181,5B,4B,3
44120,55,83,2A,2B,55
44120,56,100,2A,3A,30
44120,56,119,2A,3A,57
44120,30,99,1B,3A,1
44120,99,67,3A,2A,2
44120,5,83,1A,2B,38
44140,216,152,5B,4A,5
44140,217,123,5B,3B,8
44140,148,160,4A,4A,9
44140,148,162,4A,4A,10
44140,55,40,2A,1B,5
44140,60,83,2A,2B,30
44140,38,97,1B,3A,27
44140,71,6,2B,1A,24
44140,83,93,2B,2B,36
44160,217,127,5B,3B,7
44160,217,177,5B,4B,1
44160,148,166,4A,4B,14
44160,120,179,3B,4B,3
44160,38,114,1B,3A,33
44160,135,181,3B,4B,1
44160,99,5,3A,1A,42
44160,82,6,2B,1A,41
44160,11,119,1A,3A,23
44180,216,172,5B,4B,3
44180,216,177,5B,4B,2
44180,216,184,5B,4B,2
44180,227,172,5B,4B,5
44180,227,177,5B,4B,4
44180,227,184,5B,4B,3
44180,75,81,2B,2B,22
44200,214,161,5B,4A,3
44200,224,150,5B,4A,23
44200,226,107,5B,3A,1
44200,142,160,4A,4A,17
44200,150,135,4A,3B,1
44200,75,19,2B,1A,34
44220,214,121,5B,3B,2
44220,189,177,5A,4B,1
44220,227,115,5B,3A,1
44220,40,93,1B,2B,5
44220,41,79,1B,2B,8
44220,99,93,3A,2B,9
44220,5,87,1A,2B,1
44240,142,148,4A,4A,14
44240,56,74,2A,2B,13
44240,31,81,1B,2B,42
44240,135,107,3B,3A,5
44240,115,184,3A,4B,8
44260,211,150,5B,4A,1
44260,189,201,5A,5A,2
44260,191,226,5A,5B,1
44260,191,135,5A,3B,1
44260,194,177,5A,4B,1
44260,152,227,4A,5B,3
44260,135,177,3B,4B,4
44260,135,184,3B,4B,1
44280,191,121,5A,3B,2
44280,148,176,4A,4B,32
44280,31,75,1B,2B,3
44280,74,13,2B,1A,38
44280,97,13,3A,1A,16
44280,109,62,3A,2A,9
44300,187,229,5A,5B,1
44300,194,121,5A,3B,2
44300,205,228,5A,5B,14
44320,213,166,5B,4B,2
44320,189,162,5A,4A,1
44320,191,224,5A,5B,21
44320,197,174,5A,4B,1
44320,36,16,1B,1A,31
44340,219,200,5B,5A,2
44340,227,229,5B,5B,2
44360,208,210,5B,5B,17
44360,217,120,5B,3B,1
44360,131,115,3B,3A,1
44360,106,115,3A,3A,1
44380,217,156,5B,4A,6
44380,120,159,3B,4A,3
44400,211,188,5B,5A,36
44400,221,135,5B,3B,1
44400,223,227,5B,5B,4
44400,205,229,5A,5B,8
44420,216,121,5B,3B,3
44420,189,204,5A,5A,1
44420,189,229,5A,5B,1
44420,205,120,5A,3B,1
44420,121,227,3B,5B,1
44420,127,159,3B,4A,10
44420,36,79,1B,2B,13
44420,99,65,3A,2A,6
44440,194,131,5A,3B,1
44460,213,221,5B,5B,1
44460,216,135,5B,3B,4
44460,197,106,5A,3A,1
44460,228,135,5B,3B,1
44460,172,174,4B,4B,9
44480,208,115,5B,3A,2
44480,188,227,5A,5B,9
44480,224,227,5B,5B,4
44480,60,5,2A,1A,1
44500,213,143,5B,4A,1
44500,213,120,5B,3B,1
44500,226,227,5B,5B,57
44520,213,223,5B,5B,111
44520,143,135,4A,3B,3
44520,120,107,3B,3A,1
44520,30,101,1B,3A,6
44520,30,81,1B,2B,9
44560,226,121,5B,3B,2
44560,127,229,3B,5B,1
44560,100,62,3A,2A,27
44600,123,131,3B,3B,29
44620,210,191,5B,5A,2
44620,219,227,5B,5B,1
44620,120,131,3B,3B,57
44620,2,94,1A,2B,32
44640,210,224,5B,5B,2
44640,211,121,5B,3B,3
44640,211,161,5B,4A,1
44640,219,107,5B,3A,2
44640,43,94,1B,2B,55
44660,204,159,5A,4A,2
44660,123,124,3B,3B,6
44680,127,129,3B,3B,2
44680,127,131,3B,3B,2
44680,129,131,3B,3B,6
44680,158,159,4A,4A,2
44700,120,124,3B,3B,4
44700,124,131,3B,3B,2
44700,159,179,4A,4B,2
44700,109,119,3A,3A,30
44720,216,191,5B,5A,1
44720,219,201,5B,5A,7
44720,219,127,5B,3B,1
44720,188,148,5A,4A,1
44720,191,227,5A,5B,2
44720,223,129,5B,3B,1
44720,199,150,5A,4A,4
44720,156,158,4A,4A,9
44720,52,74,2A,2B,31
44740,187,107,5A,3A,2
44740,145,148,4A,4A,3
44740,156,127,4A,3B,4
44760,224,160,5B,4A,1
44760,129,107,3B,3A,3
44780,213,214,5B,5B,7
44780,189,150,5A,4A,1
44780,223,181,5B,4B,8
44780,224,205,5B,5A,20
44780,60,2,2A,1A,8
44780,72,46,2B,1B,63
44800,213,149,5B,4A,2
44800,213,181,5B,4B,4
44800,223,149,5B,4A,5
44800,204,124,5A,3B,1
44820,187,204,5A,5A,1
44820,194,204,5A,5A,2
44820,28,71,1B,2B,3
44840,210,188,5B,5A,1
44840,191,143,5A,4A,1
44840,197,150,5A,4A,3
44840,79,1,2B,1A,3
44860,214,191,5B,5A,1
44860,191,229,5A,5B,1
44860,204,150,5A,4A,1
44860,81,43,2B,1B,2
44860,6,83,1A,2B,1
44880,214,135,5B,3B,2
44880,219,149,5B,4A,1
44880,201,120,5A,3B,1
44880,143,176,4A,4B,5
44880,56,38,2A,1B,1
44900,216,226,5B,5B,6
44900,226,115,5B,3A,2
44900,200,181,5A,4B,6
44920,214,200,5B,5A,8
44920,216,194,5B,5A,3
44920,201,131,5A,3B,1
44920,149,106,4A,3A,2
44920,161,176,4A,4B,2
44940,214,229,5B,5B,1
44940,121,106,3B,3A,6
44940,56,2,2A,1A,3
44960,52,38,2A,1B,1
44960,135,176,3B,4B,1
44960,72,1,2B,1A,7
44980,152,135,4A,3B,1
44980,106,176,3A,4B,1
45000,216,197,5B,5A,2
45000,189,221,5A,5B,4
45000,143,106,4A,3A,2
45000,143,174,4A,4B,3
45000,120,161,3B,4A,1
45000,56,31,2A,1B,3
45000,101,81,3A,2B,9
45000,1,46,1A,1B,6
45000,2,11,1A,1A,1
45020,152,106,4A,3A,3
45020,60,40,2A,1B,7
45020,32,1,1B,1A,2
45020,13,114,1A,3A,8
45040,224,166,5B,4B,3
45040,197,152,5A,4A,1
45040,148,123,4A,3B,3
45040,152,174,4A,4B,1
45040,124,172,3B,4B,2
45040,129,172,3B,4B,4
45040,39,93,1B,2B,4
45060,216,219,5B,5B,1
45060,191,142,5A,4A,1
45060,129,177,3B,4B,2
45060,39,87,1B,2B,3
45060,42,72,1B,2B,2
45060,161,174,4A,4B,4
45100,148,158,4A,4A,71
45100,158,176,4A,4B,21
45120,32,41,1B,1B,1
45140,208,189,5B,5A,1
45140,217,148,5B,4A,2
45140,189,135,5A,3B,1
45140,204,158,5A,4A,1
45160,214,174,5B,4B,1
45160,217,176,5B,4B,11
45160,150,174,4A,4B,1
45180,219,205,5B,5A,3
45180,229,115,5B,3A,5
45200,221,177,5B,4B,2
45200,197,181,5A,4B,2
45220,199,205,5A,5A,31
45220,31,74,1B,2B,2
45220,93,65,2B,2A,4
45240,214,219,5B,5B,4
45240,214,197,5B,5A,2
45240,219,145,5B,4A,1
45240,143,166,4A,4B,1
45240,143,162,4A,4A,2
45260,191,200,5A,5A,2
45260,127,228,3B,5B,3
45280,211,135,5B,3B,3
45280,189,120,5A,3B,4
45300,208,216,5B,5B,2
45300,214,189,5B,5A,3
45300,145,149,4A,4A,2
45320,219,226,5B,5B,1
45320,189,181,5A,4B,2
45320,174,184,4B,4B,9
45340,210,228,5B,5B,13
45340,214,227,5B,5B,2
45340,187,199,5A,5A,2
45340,56,43,2A,1B,5
45340,60,47,2A,1B,2
45360,208,205,5B,5A,4
45360,210,205,5B,5A,2
45360,210,127,5B,3B,2
45400,205,129,5A,3B,1
45400,205,184,5A,4B,1
45400,150,177,4A,4B,7
45400,0,94,1A,2B,3
45420,226,145,5B,4A,1
45420,150,172,4A,4B,1
45440,210,150,5B,4A,1
45440,187,188,5A,5A,2
45440,187,124,5A,3B,1
45440,152,166,4A,4B,5
45460,223,150,5B,4A,8
45460,142,152,4A,4A,4
45460,120,129,3B,3B,1
45500,208,191,5B,5A,13
45500,211,228,5B,5B,2
45500,216,228,5B,5B,1
45520,194,120,5A,3B,1
45520,194,106,5A,3A,1
45520,129,160,3B,4A,2
45540,208,120,5B,3B,1
45540,211,127,5B,3B,1
45540,124,160,3B,4A,1
45540,124,115,3B,3A,2
45540,129,115,3B,3A,2
45560,210,120,5B,3B,1
45560,223,145,5B,4A,1
45560,197,120,5A,3B,1
45560,227,129,5B,3B,4
45580,219,120,5B,3B,2
45580,123,129,3B,3B,5
45580,135,115,3B,3A,3
45600,187,223,5A,5B,1
45600,226,129,5B,3B,1
45600,124,227,3B,5B,2
45620,210,115,5B,3A,1
45620,194,229,5A,5B,1
45620,223,228,5B,5B,6
45620,226,199,5B,5A,1
45620,159,176,4A,4B,4
45640,213,129,5B,3B,2
45640,213,228,5B,5B,1
45640,150,228,4A,5B,2
45640,124,107,3B,3A,2
45640,129,228,3B,5B,1
45680,226,228,5B,5B,1
45680,161,162,4A,4A,3
45700,197,227,5A,5B,1
45720,124,135,3B,3B,5
45740,148,156,4A,4A,1
45740,228,107,5B,3A,2
45760,189,205,5A,5A,2
45760,148,129,4A,3B,2
45760,124,176,3B,4B,1
45760,129,176,3B,4B,1
45760,228,184,5B,4B,1
45780,142,205,4A,5A,2
45780,152,160,4A,4A,3
45800,219,129,5B,3B,2
45800,224,172,5B,4B,1
45800,224,184,5B,4B,1
45820,156,166,4A,4B,2
45820,13,119,1A,3A,3
45820,83,94,2B,2B,1
45840,216,201,5B,5A,1
45840,189,161,5A,4A,5
45840,152,162,4A,4A,6
45840,36,74,1B,2B,1
45860,187,121,5A,3B,1
45860,201,127,5A,3B,3
45860,201,179,5A,4B,1
45880,211,227,5B,5B,4
45880,214,228,5B,5B,2
45880,224,181,5B,4B,2
45880,197,121,5A,3B,1
45880,200,176,5A,4B,1
45900,208,211,5B,5B,1
45900,188,201,5A,5A,1
45900,221,107,5B,3A,1
45900,55,5,2A,1A,3
45900,30,100,1B,3A,11
45900,31,100,1B,3A,6
45900,31,62,1B,2A,1
45920,194,129,5A,3B,1
45940,150,107,4A,3A,3
45940,106,181,3A,4B,1
45940,174,177,4B,4B,5
46000,199,123,5A,3B,1
46000,199,127,5A,3B,2
46000,199,176,5A,4B,1
46000,142,156,4A,4A,3
46000,229,107,5B,3A,5
46020,224,123,5B,3B,5
46020,224,129,5B,3B,2
46020,224,176,5B,4B,2
46020,142,161,4A,4A,2
46020,32,116,1B,3A,1
46040,226,124,5B,3B,2
46040,201,124,5A,3B,1
46060,214,172,5B,4B,13
46060,214,177,5B,4B,24
46060,214,184,5B,4B,16
46060,217,159,5B,4A,2
46060,149,172,4A,4B,13
46060,149,177,4A,4B,20
46060,149,184,4A,4B,13
46060,79,67,2B,2A,1
46080,121,123,3B,3B,3
46080,121,127,3B,3B,13
46080,123,135,3B,3B,52
46080,127,135,3B,3B,6
46080,82,19,2B,1A,5
46100,189,228,5A,5B,5
46100,226,205,5B,5A,1
46100,32,13,1B,1A,3
46120,208,107,5B,3A,2
46120,210,187,5B,5A,7
46120,123,229,3B,5B,1
46120,135,162,3B,4A,1
46140,208,123,5B,3B,1
46140,210,221,5B,5B,7
46140,219,135,5B,3B,1
46140,189,142,5A,4A,2
46140,129,181,3B,4B,21
46160,211,162,5B,4A,1
46160,123,115,3B,3A,19
46160,38,100,1B,3A,4
46160,16,46,1A,1B,2
46180,216,131,5B,3B,1
46180,127,115,3B,3A,6
46180,41,100,1B,3A,1
46200,216,162,5B,4A,1
46200,224,121,5B,3B,2
46200,224,107,5B,3A,4
46220,71,47,2B,1B,2
46240,224,115,5B,3A,3
46240,156,162,4A,4A,7
46280,71,19,2B,1A,3
46280,177,181,4B,4B,4
46300,211,129,5B,3B,1
46300,217,135,5B,3B,1
46300,191,127,5A,3B,2
46300,194,127,5A,3B,2
46300,121,115,3B,3A,4
46320,187,143,5A,4A,1
46320,224,197,5B,5A,2
46340,210,131,5B,3B,1
46340,205,127,5A,3B,2
46340,55,99,2A,3A,1
46340,107,176,3A,4B,1
46360,217,107,5B,3A,1
46380,191,149,5A,4A,1
46380,194,135,5A,3B,1
46380,145,159,4A,4A,2
46380,150,159,4A,4A,1
46400,211,205,5B,5A,2
46400,188,223,5A,5B,2
46400,189,149,5A,4A,1
46400,224,149,5B,4A,1
46420,217,191,5B,5A,1
46420,194,172,5A,4B,1
46420,194,184,5A,4B,2
46420,205,107,5A,3A,2
46420,135,174,3B,4B,3
46420,159,177,4A,4B,1
46440,221,204,5B,5A,3
46480,227,135,5B,3B,3
46480,129,184,3B,4B,1
46480,38,62,1B,2A,4
46480,5,93,1A,2B,2
46500,150,184,4A,4B,3
46540,161,172,4A,4B,7
46560,213,184,5B,4B,1
46560,223,184,5B,4B,1
46560,181,184,4B,4B,2
46600,160,177,4A,4B,1
46620,129,159,3B,4A,2
46620,30,75,1B,2B,3
46700,223,205,5B,5A,2
46700,152,181,4A,4B,1
46760,194,107,5A,3A,1
46780,194,123,5A,3B,1
46800,189,129,5A,3B,1
46800,0,81,1A,2B,11
46840,211,124,5B,3B,2
46840,194,227,5A,5B,1
46840,194,115,5A,3A,1
46840,201,162,5A,4A,7
46860,189,94,5A,2B,2
46860,221,131,5B,3B,2
46860,41,114,1B,3A,1
46860,74,1,2B,1A,1
46880,226,94,5B,2B,4
46880,36,38,1B,1B,4
46880,38,72,1B,2B,2
46900,188,16,5A,1A,1
46900,191,131,5A,3B,1
46900,143,13,4A,1A,1
46900,135,74,3B,2B,1
46900,71,100,2B,3A,1
46900,100,161,3A,4A,1
46900,172,181,4B,4B,1
46920,213,36,5B,1B,1
46920,213,72,5B,2B,1
46920,216,67,5B,2A,1
46920,189,8,5A,1A,1
46920,223,174,5B,4B,5
46920,199,94,5A,2B,1
46920,143,67,4A,2A,1
46920,121,16,3B,1A,4
46920,123,114,3B,3A,1
46920,127,16,3B,1A,1
46920,131,41,3B,1B,1
46920,107,114,3A,3A,1
46920,114,115,3A,3A,2
46940,213,100,5B,3A,1
46940,189,31,5A,1B,3
46940,223,27,5B,1B,1
46940,121,36,3B,1B,2
46940,121,72,3B,2B,1
46940,127,109,3B,3A,7
46940,131,181,3B,4B,1
46940,25,237,1B,Teachers,1
46940,31,43,1B,1B,2
46940,36,135,1B,3B,1
46940,135,16,3B,1A,3
46960,214,114,5B,3A,4
46960,189,71,5A,2B,2
46960,189,0,5A,1A,3
46960,221,223,5B,5B,1
46960,221,174,5B,4B,2
46960,197,131,5A,3B,1
46960,123,27,3B,1B,1
46960,227,19,5B,1A,1
46960,127,36,3B,1B,2
46960,127,94,3B,2B,2
46960,56,32,2A,1B,1
46960,56,114,2A,3A,6
46960,56,181,2A,4B,1
46960,81,184,2B,4B,1
46960,109,94,3A,2B,1
46960,46,67,1B,2A,1
46980,219,131,5B,3B,1
46980,142,41,4A,1B,1
46980,150,79,4A,2B,1
46980,227,49,5B,2A,1
46980,227,0,5B,1A,1
46980,227,6,5B,1A,1
46980,127,72,3B,2B,1
46980,127,100,3B,3A,3
46980,129,74,3B,2B,1
46980,52,79,2A,2B,7
46980,56,177,2A,4B,1
46980,27,107,1B,3A,1
46980,28,19,1B,1A,4
46980,36,72,1B,2B,3
46980,74,79,2B,2B,10
46980,79,114,2B,3A,1
46980,107,85,3A,2B,1
47000,214,72,5B,2B,1
47000,214,46,5B,1B,1
47000,189,93,5A,2B,1
47000,221,150,5B,4A,1
47000,194,150,5A,4A,1
47000,32,38,1B,1B,8
47000,32,47,1B,1B,3
47000,42,109,1B,3A,2
47000,42,115,1B,3A,1
47000,43,107,1B,3A,1
47000,8,115,1A,3A,1
47000,13,46,1A,1B,1
47000,94,46,2B,1B,7
47020,188,129,5A,3B,2
47020,189,172,5A,4B,2
47020,223,0,5B,1A,2
47020,223,19,5B,1A,1
47020,200,131,5A,3B,1
47020,156,7,4A,1A,1
47020,123,181,3B,4B,1
47020,124,177,3B,4B,1
47020,131,85,3B,2B,1
47020,30,74,1B,2B,13
47020,75,62,2B,2A,12
47020,97,79,3A,2B,2
47020,159,19,4A,1A,1
47020,81,46,2B,1B,4
47040,219,191,5B,5A,2
47040,219,148,5B,4A,1
47040,189,143,5A,4A,2
47040,148,67,4A,2A,3
47040,152,120,4A,3B,1
47040,121,177,3B,4B,1
47040,121,181,3B,4B,1
47040,56,30,2A,1B,7
47040,135,67,3B,2A,1
47040,158,181,4A,4B,1
47040,101,94,3A,2B,1
47040,2,16,1A,1A,1
47060,210,56,5B,2A,1
47060,214,119,5B,3A,1
47060,188,55,5A,2A,1
47060,188,28,5A,1B,1
47060,189,184,5A,4B,2
47060,199,74,5A,2B,1
47060,123,94,3B,2B,2
47060,124,158,3B,4A,3
47060,27,85,1B,2B,2
47060,158,93,4A,2B,1
47060,101,115,3A,3A,1
47080,208,56,5B,2A,2
47080,219,228,5B,5B,1
47080,187,201,5A,5A,9
47080,224,114,5B,3A,1
47080,200,135,5A,3B,1
47080,150,72,4A,2B,3
47080,150,158,4A,4A,1
47080,120,55,3B,2A,1
47080,120,28,3B,1B,1
47080,129,158,3B,4A,2
47080,28,83,1B,2B,1
47080,30,181,1B,4B,1
47080,114,119,3A,3A,1
47080,181,119,4B,3A,1
47100,188,200,5A,5A,1
47100,200,121,5A,3B,1
47100,149,43,4A,1B,1
47100,156,83,4A,2B,1
47100,120,93,3B,2B,1
47100,121,174,3B,4B,1
47100,52,7,2A,1A,2
47100,28,107,1B,3A,1
47100,72,83,2B,2B,6
47100,6,62,1A,2A,1
47100,115,87,3A,2B,1
47100,83,46,2B,1B,2
47120,187,197,5A,5A,3
47120,149,87,4A,2B,1
47120,156,115,4A,3A,1
47120,156,47,4A,1B,1
47120,52,30,2A,1B,14
47120,52,97,2A,3A,6
47120,52,109,2A,3A,2
47120,55,81,2A,2B,1
47120,55,62,2A,2A,53
47120,27,8,1B,1A,4
47120,74,83,2B,2B,7
47120,101,67,3A,2A,8
47120,114,67,3A,2A,12
47140,210,97,5B,3A,1
47140,188,177,5A,4B,1
47140,201,158,5A,4A,1
47140,127,30,3B,1B,1
47140,27,62,1B,2A,2
47140,114,46,3A,1B,3
47140,83,85,2B,2B,31
47160,208,148,5B,4A,1
47160,208,158,5B,4A,1
47160,208,160,5B,4A,2
47160,188,121,5A,3B,1
47160,188,107,5A,3A,1
47160,148,56,4A,2A,2
47160,150,56,4A,2A,1
47160,56,158,2A,4A,1
47160,32,159,1B,4A,1
47160,32,2,1B,1A,4
47160,39,40,1B,1B,1
47160,40,47,1B,1B,1
47160,41,166,1B,4B,2
47160,0,87,1A,2B,4
47160,159,2,4A,1A,1
47160,176,94,4B,2B,1
47180,201,160,5A,4A,1
47180,156,32,4A,1B,3
47180,229,176,5B,4B,1
47180,30,67,1B,2A,20
47200,149,93,4A,2B,2
47200,56,101,2A,3A,4
47200,60,6,2A,1A,1
47200,28,42,1B,1B,5
47200,30,97,1B,3A,6
47200,31,36,1B,1B,16
47200,36,43,1B,1B,9
47220,219,188,5B,5A,3
47220,27,119,1B,3A,2
47240,210,124,5B,3B,1
47240,210,158,5B,4A,1
47240,210,159,5B,4A,1
47240,217,201,5B,5A,1
47240,217,129,5B,3B,1
47240,199,160,5A,4A,1
47240,148,124,4A,3B,2
47240,150,166,4A,4B,8
47240,152,127,4A,3B,6
47240,152,159,4A,4A,3
47240,55,109,2A,3A,4
47240,135,5,3B,1A,1
47240,79,65,2B,2A,7
47260,208,179,5B,4B,1
47260,214,106,5B,3A,2
47260,219,194,5B,5A,1
47260,205,121,5A,3B,1
47260,149,156,4A,4A,1
47260,150,162,4A,4A,5
47260,120,181,3B,4B,1
47260,121,5,3B,1A,1
47260,32,6,1B,1A,1
47260,107,162,3A,4A,1
47280,210,201,5B,5A,1
47280,214,166,5B,4B,1
47280,217,5,5B,1A,1
47280,219,5,5B,1A,1
47280,145,166,4A,4B,1
47280,148,159,4A,4A,1
47280,148,106,4A,3A,1
47280,149,107,4A,3A,3
47280,149,115,4A,3A,3
47280,152,158,4A,4A,1
47280,55,100,2A,3A,2
47280,72,47,2B,1B,1
47280,101,65,3A,2A,5
47280,81,47,2B,1B,1
47280,161,177,4A,4B,2
47280,114,93,3A,2B,3
47300,208,5,5B,1A,1
47300,216,221,5B,5B,1
47300,199,5,5A,1A,1
47300,200,5,5A,1A,1
47300,152,156,4A,4A,1
47300,229,5,5B,1A,1
47300,52,56,2A,2A,17
47320,214,131,5B,3B,1
47320,191,199,5A,5A,21
47320,142,120,4A,3B,1
47320,142,123,4A,3B,1
47320,142,159,4A,4A,1
47320,152,124,4A,3B,2
47320,152,131,4A,3B,1
47320,131,166,3B,4B,1
47320,106,107,3A,3A,1
47320,107,166,3A,4B,1
47340,210,121,5B,3B,1
47340,213,217,5B,5B,20
47340,142,131,4A,3B,1
47340,149,127,4A,3B,1
47340,124,5,3B,1A,1
47340,158,5,4A,1A,1
47340,100,16,3A,1A,1
47340,7,65,1A,2A,1
47340,16,109,1A,3A,2
47340,166,115,4B,3A,1
47360,223,160,5B,4A,50
47360,142,150,4A,4A,1
47360,27,28,1B,1B,1
47360,28,13,1B,1A,11
47360,81,1,2B,1A,3
47360,1,19,1A,1A,2
47360,5,106,1A,3A,1
47380,214,162,5B,4A,1
47380,120,5,3B,1A,1
47380,127,5,3B,1A,1
47380,49,60,2A,2A,2
47380,49,87,2A,2B,1
47380,41,6,1B,1A,8
47380,5,181,1A,4B,1
47380,6,85,1A,2B,2
47400,214,124,5B,3B,25
47400,217,223,5B,5B,12
47400,149,5,4A,1A,1
47400,150,5,4A,1A,1
47400,156,121,4A,3B,8
47400,60,114,2A,3A,1
47400,30,93,1B,2B,3
47400,135,106,3B,3A,50
47420,150,115,4A,3A,1
47420,121,131,3B,3B,10
47420,55,13,2A,1A,1
47420,56,81,2A,2B,2
47420,97,87,3A,2B,2
47420,97,65,3A,2A,4
47420,107,172,3A,4B,23
47440,200,149,5A,4A,6
47440,200,162,5A,4A,20
47440,72,2,2B,1A,1
47440,99,100,3A,3A,27
47440,109,116,3A,3A,18
47440,119,47,3A,1B,1
47460,60,116,2A,3A,1
47460,72,99,2B,3A,1
47460,74,16,2B,1A,1
47460,19,83,1A,2B,1
47480,217,219,5B,5B,6
47480,200,166,5A,4B,9
47480,201,150,5A,4A,1
47480,150,121,4A,3B,2
47480,52,93,2A,2B,1
47480,30,46,1B,1B,2
47480,41,81,1B,2B,2
47480,74,43,2B,1B,1
47480,74,109,2B,3A,3
47500,100,13,3A,1A,2
47500,6,114,1A,3A,1
47500,8,94,1A,2B,2
47500,172,115,4B,3A,25
47520,227,127,5B,3B,12
47520,60,81,2A,2B,5
47520,28,31,1B,1B,2
47520,32,67,1B,2A,1
47520,119,65,3A,2A,3
47540,143,127,4A,3B,11
47540,145,124,4A,3B,8
47540,30,41,1B,1B,1
47540,31,8,1B,1A,4
47540,36,8,1B,1A,1
47540,40,67,1B,2A,2
47540,109,65,3A,2A,3
47560,27,83,1B,2B,1
47560,74,116,2B,3A,2
47560,236,237,Teachers,Teachers,1
47560,97,62,3A,2A,1
47560,43,16,1B,1A,1
47580,31,67,1B,2A,9
47580,114,62,3A,2A,1
47600,205,150,5A,4A,26
47600,156,123,4A,3B,15
47600,32,81,1B,2B,1
47600,71,13,2B,1A,1
47600,74,99,2B,3A,3
47620,52,41,2A,1B,1
47620,30,62,1B,2A,2
47620,39,99,1B,3A,1
47620,99,2,3A,1A,3
47640,124,181,3B,4B,31
47640,30,109,1B,3A,1
47640,30,116,1B,3A,1
47640,7,47,1A,1B,3
47660,16,19,1A,1A,8
47660,19,65,1A,2A,1
47680,219,223,5B,5B,3
47680,41,2,1B,1A,6
47680,41,47,1B,1B,10
47680,72,109,2B,3A,1
47680,109,46,3A,1B,1
47700,127,161,3B,4A,13
47700,32,43,1B,1B,2
47700,36,67,1B,2A,2
47720,31,32,1B,1B,6
47720,42,99,1B,3A,1
47720,99,19,3A,1A,1
47720,43,8,1B,1A,1
47740,60,119,2A,3A,1
47760,55,119,2A,3A,2
47760,19,93,1A,2B,1
47780,42,16,1B,1A,7
47800,42,6,1B,1A,11
47800,100,79,3A,2B,1
47800,101,119,3A,3A,1
47800,13,16,1A,1A,5
47800,18,83,1A,2B,13
47800,18,85,1A,2B,5
47820,129,179,3B,4B,7
47820,56,8,2A,1A,1
47820,99,94,3A,2B,3
47820,8,114,1A,3A,10
47820,13,83,1A,2B,2
47840,49,36,2A,1B,1
47840,60,30,2A,1B,1
47840,31,65,1B,2A,1
47840,36,65,1B,2A,3
47840,99,43,3A,1B,2
47840,18,87,1A,2B,1
47860,217,197,5B,5A,6
47860,31,18,1B,1A,6
47860,99,7,3A,1A,3
47880,75,65,2B,2A,4
47900,31,2,1B,1A,2
47900,43,65,1B,2A,3
47920,72,74,2B,2B,1
47920,74,46,2B,1B,2
47920,2,18,1A,1A,1
47920,18,47,1A,1B,8
47940,36,82,1B,2B,1
47940,74,5,2B,1A,4
47940,5,7,1A,1A,6
47940,18,116,1A,3A,1
47960,39,5,1B,1A,17
47960,41,43,1B,1B,3
47960,100,65,3A,2A,3
47960,43,13,1B,1A,2
47960,107,174,3A,4B,45
47980,41,19,1B,1A,9
48020,18,46,1A,1B,2
48020,19,119,1A,3A,1
48040,214,129,5B,3B,7
48040,36,11,1B,1A,5
48040,75,114,2B,3A,1
48040,174,176,4B,4B,1
48060,38,5,1B,1A,19
48060,99,16,3A,1A,1
48080,56,65,2A,2A,13
48080,72,5,2B,1A,1
48080,5,94,1A,2B,1
48080,16,67,1A,2A,1
48100,213,160,5B,4A,3
48100,232,240,Teachers,Teachers,3
48100,41,74,1B,2B,2
48100,74,19,2B,1A,1
48120,27,40,1B,1B,1
48120,79,119,2B,3A,1
48120,1,47,1A,1B,5
48140,41,119,1B,3A,1
48140,43,109,1B,3A,2
48160,208,150,5B,4A,9
48160,232,237,Teachers,Teachers,4
48160,56,116,2A,3A,2
48160,237,240,Teachers,Teachers,1
48180,189,159,5A,4A,12
48180,56,79,2A,2B,1
48180,1,13,1A,1A,2
48200,99,109,3A,3A,28
48220,1,5,1A,1A,14
48220,5,47,1A,1B,6
48220,18,19,1A,1A,1
48240,55,11,2A,1A,1
48240,72,114,2B,3A,2
48240,81,18,2B,1A,6
48260,56,27,2A,1B,6
48260,99,79,3A,2B,1
48280,187,159,5A,4A,1
48280,30,43,1B,1B,1
48280,39,71,1B,2B,1
48280,7,119,1A,3A,1
48300,56,5,2A,1A,1
48300,100,1,3A,1A,1
48300,13,62,1A,2A,1
48300,107,184,3A,4B,4
48320,188,120,5A,3B,1
48320,56,0,2A,1A,3
48320,71,46,2B,1B,1
48340,142,179,4A,4B,5
48340,149,166,4A,4B,7
48340,81,7,2B,1A,2
48340,7,18,1A,1A,2
48360,36,5,1B,1A,1
48360,38,71,1B,2B,2
48380,211,120,5B,3B,15
48380,213,197,5B,5A,3
48380,55,8,2A,1A,1
48380,27,79,1B,2B,1
48380,30,38,1B,1B,1
48380,39,18,1B,1A,5
48380,5,18,1A,1A,1
48380,107,177,3A,4B,6
48400,201,149,5A,4A,3
48400,55,38,2A,1B,1
48400,56,18,2A,1A,2
48400,38,81,1B,2B,1
48400,38,119,1B,3A,1
48400,99,8,3A,1A,1
48420,32,18,1B,1A,8
48420,40,13,1B,1A,1
48420,40,18,1B,1A,9
48440,81,87,2B,2B,25
48460,28,16,1B,1A,2
48460,39,7,1B,1A,19
48460,0,7,1A,1A,2
48460,2,62,1A,2A,1
48480,56,39,2A,1B,1
48480,56,1,2A,1A,1
48480,39,72,1B,2B,2
48480,75,97,2B,3A,1
48480,5,109,1A,3A,2
48500,32,114,1B,3A,1
48500,39,0,1B,1A,2
48500,99,62,3A,2A,1
48520,56,46,2A,1B,2
48520,30,94,1B,2B,3
48520,7,94,1A,2B,3
48540,0,67,1A,2A,3
48600,30,7,1B,1A,3
48600,32,16,1B,1A,32
48600,0,1,1A,1A,3
48620,31,119,1B,3A,1
48620,100,82,3A,2B,2
48640,60,41,2A,1B,1
48640,30,1,1B,1A,2
48640,72,7,2B,1A,1
48660,142,129,4A,3B,1
48660,30,6,1B,1A,1
48660,6,7,1A,1A,1
48680,32,42,1B,1B,3
48680,79,18,2B,1A,2
48680,8,65,1A,2A,3
48680,19,94,1A,2B,1
48680,115,174,3A,4B,12
48700,52,75,2A,2B,3
48700,52,11,2A,1A,2
48700,60,31,2A,1B,1
48700,27,39,1B,1B,1
48700,31,82,1B,2B,1
48700,40,79,1B,2B,1
48700,40,16,1B,1A,1
48700,75,1,2B,1A,1
48700,7,67,1A,2A,1
48720,31,0,1B,1A,36
48720,74,87,2B,2B,1
48740,55,18,2A,1A,1
48740,32,0,1B,1A,2
48760,41,13,1B,1A,2
48760,0,16,1A,1A,1
48760,0,18,1A,1A,13
48760,16,18,1A,1A,1
48780,142,107,4A,3A,1
48780,142,174,4A,4B,1
48780,49,2,2A,1A,1
48780,28,40,1B,1B,1
48780,0,79,1A,2B,1
48800,28,82,1B,2B,1
48820,142,158,4A,4A,5
48820,56,36,2A,1B,6
48820,28,38,1B,1B,5
48820,72,0,2B,1A,2
48820,75,85,2B,2B,2
48820,100,46,3A,1B,1
48820,18,65,1A,2A,3
48840,32,62,1B,2A,2
48840,38,94,1B,2B,2
48860,31,47,1B,1B,2
48860,0,114,1A,3A,1
48880,55,6,2A,1A,1
48880,31,39,1B,1B,2
48880,72,11,2B,1A,2
48880,0,85,1A,2B,2
48940,145,176,4A,4B,1
48940,27,116,1B,3A,1
48960,216,127,5B,3B,3
48960,0,46,1A,1B,2
48980,235,237,Teachers,Teachers,1
48980,41,62,1B,2A,1
48980,72,62,2B,2A,3
48980,1,119,1A,3A,2
49000,56,41,2A,1B,1
49000,30,79,1B,2B,1
49000,38,109,1B,3A,1
49040,40,0,1B,1A,5
49060,42,114,1B,3A,1
49060,1,18,1A,1A,3
49080,41,18,1B,1A,2
49100,150,229,4A,5B,1
49100,38,67,1B,2A,1
49120,72,43,2B,1B,4
49120,43,83,1B,2B,1
49140,81,16,2B,1A,1
49160,214,148,5B,4A,1
49160,52,46,2A,1B,2
49160,27,74,1B,2B,1
49160,1,109,1A,3A,1
49180,39,82,1B,2B,1
49180,41,71,1B,2B,2
49180,100,2,3A,1A,2
49180,109,87,3A,2B,1
49200,107,179,3A,4B,1
49220,191,150,5A,4A,6
49220,13,116,1A,3A,1
49260,7,83,1A,2B,1
49300,145,179,4A,4B,1
49320,0,93,1A,2B,7
49320,79,83,2B,2B,2
49340,31,87,1B,2B,4
49360,28,114,1B,3A,4
49380,28,101,1B,3A,5
49420,60,16,2A,1A,1
49420,18,67,1A,2A,1
49420,83,67,2B,2A,10
49440,99,82,3A,2B,1
49480,27,97,1B,3A,1
49480,71,109,2B,3A,1
49500,72,18,2B,1A,1
49520,74,119,2B,3A,1
49520,0,8,1A,1A,3
49540,213,159,5B,4A,1
49540,36,2,1B,1A,3
49540,72,97,2B,3A,2
49540,99,1,3A,1A,1
49560,55,114,2A,3A,1
49580,52,83,2A,2B,2
49580,36,100,1B,3A,1
49600,30,18,1B,1A,1
49620,145,129,4A,3B,1
49640,40,75,1B,2B,1
49640,11,46,1A,1B,1
49680,56,42,2A,1B,1
49700,36,119,1B,3A,1
49700,43,18,1B,1A,1
49700,18,109,1A,3A,2
49720,38,41,1B,1B,1
49720,100,18,3A,1A,1
49720,18,119,1A,3A,2
49740,43,87,1B,2B,1
49760,30,83,1B,2B,1
49760,39,13,1B,1A,1
49800,55,79,2A,2B,5
49800,74,18,2B,1A,1
49820,131,160,3B,4A,1
49840,8,83,1A,2B,1
49860,197,160,5A,4A,1
49880,200,123,5A,3B,1
49880,82,5,2B,1A,1
49900,39,114,1B,3A,1
49920,71,5,2B,1A,1
49940,214,142,5B,4A,1
49940,194,43,5A,1B,1
49940,226,123,5B,3B,1
49940,40,82,1B,2B,1
49940,97,83,3A,2B,1
49960,188,221,5A,5B,1
49960,223,158,5B,4A,1
49960,156,36,4A,1B,1
49960,79,62,2B,2A,2
49980,221,197,5B,5A,1
49980,127,114,3B,3A,2
49980,30,160,1B,4A,1
49980,158,67,4A,2A,4
49980,74,160,2B,4A,1
49980,7,116,1A,3A,1
50000,213,81,5B,2B,1
50000,213,119,5B,3A,1
50000,205,227,5A,5B,1
50000,205,28,5A,1B,1
50000,8,87,1A,2B,1
50020,199,227,5A,5B,1
50020,142,16,4A,1A,1
50020,205,124,5A,3B,2
50020,124,8,3B,1A,1
50020,124,65,3B,2A,1
50020,129,8,3B,1A,1
50020,228,7,5B,1A,1
50040,216,156,5B,4A,1
50040,223,81,5B,2B,3
50040,197,228,5A,5B,2
50040,142,31,4A,1B,1
50040,142,0,4A,1A,1
50040,205,52,5A,2A,3
50040,120,81,3B,2B,1
50040,124,127,3B,3B,1
50040,124,28,3B,1B,1
50040,129,13,3B,1A,1
50040,6,109,1A,3A,1
50040,107,181,3A,4B,1
50060,208,121,5B,3B,1
50060,208,135,5B,3B,2
50060,211,221,5B,5B,1
50060,216,123,5B,3B,1
50060,188,0,5A,1A,1
50060,223,162,5B,4A,1
50060,200,87,5A,2B,1
50060,201,28,5A,1B,1
50080,189,65,5A,2A,1
50080,142,74,4A,2B,1
50080,228,38,5B,1B,1
50080,228,159,5B,4A,2
50080,158,83,4A,2B,11
50080,74,75,2B,2B,1
50080,5,16,1A,1A,6
50100,142,94,4A,2B,1
50100,123,162,3B,4A,1
50100,127,162,3B,4A,1
50100,129,93,3B,2B,1
50100,42,71,1B,2B,1
50100,42,159,1B,4A,1
50100,71,65,2B,2A,1
50100,159,87,4A,2B,1
50120,214,30,5B,1B,1
50120,187,189,5A,5A,2
50120,221,31,5B,1B,1
50120,200,120,5A,3B,1
50120,143,205,4A,5A,1
50120,143,8,4A,1A,1
50120,123,56,3B,2A,3
50120,124,87,3B,2B,1
50120,127,67,3B,2A,1
50120,56,160,2A,4A,3
50120,40,159,1B,4A,1
50120,106,17,3A,1A,1
50140,217,56,5B,2A,6
50140,217,85,5B,2B,1
50140,142,67,4A,2A,1
50140,149,123,4A,3B,1
50140,149,56,4A,2A,5
50140,127,52,3B,2A,1
50140,127,85,3B,2B,1
50140,49,27,2A,1B,1
50140,31,71,1B,2B,1
50140,83,179,2B,4B,2
50160,211,201,5B,5A,1
50160,194,201,5A,5A,2
50160,201,30,5A,1B,1
50160,124,31,3B,1B,2
50160,129,31,3B,1B,1
50160,109,176,3A,4B,1
50180,226,79,5B,2B,1
50180,142,200,4A,5A,1
50180,143,204,4A,5A,1
50180,145,0,4A,1A,2
50180,124,161,3B,4A,2
50180,41,85,1B,2B,1
50180,16,115,1A,3A,1
50200,214,65,5B,2A,1
50200,189,197,5A,5A,2
50200,142,17,4A,1A,1
50200,200,119,5A,3A,1
50200,201,55,5A,2A,1
50200,205,119,5A,3A,1
50200,124,36,3B,1B,1
50200,36,161,1B,4A,1
50200,71,166,2B,4B,1
50220,189,32,5A,1B,1
50220,123,46,3B,1B,1
50220,228,74,5B,2B,1
50220,74,166,2B,4B,1
50220,6,8,1A,1A,2
50240,219,189,5B,5A,4
50240,219,0,5B,1A,1
50240,124,74,3B,2B,2
50240,127,38,3B,1B,1
50240,129,36,3B,1B,1
50240,38,46,1B,1B,2
50260,223,131,5B,3B,1
50260,224,177,5B,4B,1
50260,156,52,4A,2A,1
50260,124,236,3B,Teachers,2
50260,129,236,3B,Teachers,3
50280,211,187,5B,5A,1
50280,189,67,5A,2A,1
50280,142,114,4A,3A,2
50280,28,177,1B,4B,1
50280,81,106,2B,3A,1
50280,11,17,1A,1A,1
50280,13,17,1A,1A,2
50280,114,162,3A,4A,2
50300,213,152,5B,4A,2
50300,142,143,4A,4A,1
50300,28,17,1B,1A,1
50300,28,172,1B,4B,2
50320,214,39,5B,1B,4
50320,194,36,5A,1B,1
50320,194,236,5A,Teachers,1
50320,124,228,3B,5B,1
50320,71,114,2B,3A,1
50320,159,18,4A,1A,1
50320,2,166,1A,4B,1
50320,13,177,1A,4B,3
50320,166,119,4B,3A,1
50340,208,200,5B,5A,2
50340,187,14,5A,1A,1
50340,224,200,5B,5A,1
50340,156,42,4A,1B,1
50340,124,166,3B,4B,1
50340,228,46,5B,1B,1
50340,30,85,1B,2B,1
50340,79,17,2B,1A,1
50360,223,31,5B,1B,2
50360,226,39,5B,1B,1
50360,28,184,1B,4B,1
50360,11,184,1A,4B,1
50360,109,67,3A,2A,1
50360,21,115,1A,3A,2
50360,115,116,3A,3A,1
50380,223,2,5B,1A,1
50380,28,18,1B,1A,1
50380,31,17,1B,1A,1
50380,42,93,1B,2B,1
50380,2,116,1A,3A,1
50380,11,18,1A,1A,1
50380,13,18,1A,1A,1
50380,107,21,3A,1A,1
50400,211,214,5B,5B,1
50400,214,38,5B,1B,1
50400,216,21,5B,1A,1
50400,189,223,5A,5B,1
50400,189,131,5A,3B,1
50400,189,79,5A,2B,1
50400,223,120,5B,3B,1
50400,226,4,5B,1A,1
50400,149,100,4A,3A,1
50400,150,75,4A,2B,1
50400,150,87,4A,2B,1
50400,40,236,1B,Teachers,1
50400,135,109,3B,3A,1
50400,107,94,3A,2B,1
50400,115,94,3A,2B,1
