129600,208,193,5B,5A,45
129600,208,225,5B,5B,18
129600,216,189,5B,5A,72
129600,216,227,5B,5B,135
129600,216,52,5B,2A,1
129600,219,220,5B,5B,114
129600,219,223,5B,5B,111
129600,219,98,5B,3A,1
129600,219,2,5B,1A,1
129600,189,120,5A,3B,2
129600,189,227,5A,5B,113
129600,220,223,5B,5B,173
129600,223,98,5B,3A,1
129600,223,114,5B,3A,1
129600,197,200,5A,5A,94
129600,197,201,5A,5A,56
129600,199,23,5A,1B,7
129600,149,155,4A,4A,51
129600,149,17,4A,1A,1
129600,150,154,4A,4A,14
129600,150,155,4A,4A,6
129600,156,120,4A,3B,3
129600,120,129,3B,3B,4
129600,121,131,3B,3B,7
129600,129,135,3B,3B,100
129600,131,83,3B,2B,3
129600,52,5,2A,1A,7
129600,52,18,2A,1A,1
129600,56,87,2A,2B,4
129600,56,67,2A,2A,46
129600,60,87,2A,2B,25
129600,27,41,1B,1B,34
129600,27,42,1B,1B,32
129600,27,8,1B,1A,1
129600,32,39,1B,1B,23
129600,39,47,1B,1B,1
129600,41,42,1B,1B,130
129600,41,8,1B,1A,1
129600,74,85,2B,2B,6
129600,78,87,2B,2B,27
129600,78,93,2B,2B,20
129600,78,67,2B,2A,4
129600,99,114,3A,3A,45
129600,79,92,2B,2B,8
129600,237,9,Teachers,1A,1
129600,207,107,5A,3A,4
129600,207,115,5A,3A,4
129600,1,3,1A,1A,1
129600,160,94,4A,2B,1
129600,114,118,3A,3A,3
129600,85,92,2B,2B,4
129600,65,67,2A,2A,13
129620,208,62,5B,2A,1
129620,214,150,5B,4A,117
129620,187,194,5A,5A,25
129620,189,52,5A,2A,1
129620,193,62,5A,2A,1
129620,194,229,5A,5B,2
129620,223,3,5B,1A,1
129620,199,229,5A,5B,35
129620,142,162,4A,4A,7
129620,200,201,5A,5A,70
129620,200,206,5A,5A,124
129620,149,62,4A,2A,1
129620,156,40,4A,1B,7
129620,120,131,3B,3B,3
129620,120,40,3B,1B,1
129620,120,12,3B,1A,1
129620,227,52,5B,2A,1
129620,131,52,3B,2A,3
129620,229,230,5B,5B,4
129620,60,74,2A,2B,1
129620,60,78,2A,2B,10
129620,60,65,2A,2A,1
129620,26,39,1B,1B,18
129620,38,9,1B,1A,1
129620,39,5,1B,1A,2
129620,78,70,2B,2A,100
129620,98,99,3A,3A,81
129620,98,105,3A,3A,70
129620,99,46,3A,1B,1
129620,159,83,4A,2B,5
129620,2,64,1A,2A,1
129620,18,21,1A,1A,1
129620,87,67,2B,2A,6
129620,93,70,2B,2A,43
129640,210,199,5B,5A,25
129640,210,204,5B,5A,5
129640,210,229,5B,5B,11
129640,216,36,5B,1B,12
129640,219,52,5B,2A,1
129640,190,194,5A,5A,24
129640,190,230,5A,5B,41
129640,190,158,5A,4A,1
129640,190,94,5A,2B,1
129640,224,229,5B,5B,7
129640,153,160,4A,4A,28
129640,153,94,4A,2B,1
129640,227,36,5B,1B,17
129640,229,23,5B,1B,1
129640,52,56,2A,2A,8
129640,52,98,2A,3A,2
129640,58,96,2A,2B,2
129640,27,5,1B,1A,1
129640,39,41,1B,1B,1
129640,40,12,1B,1A,2
129640,158,160,4A,4A,11
129640,1,21,1A,1A,1
129640,3,18,1A,1A,1
129640,5,6,1A,1A,2
129640,116,119,3A,3A,62
129640,86,64,2B,2A,112
129660,210,23,5B,1B,23
129660,216,121,5B,3B,1
129660,189,121,5A,3B,1
129660,190,224,5A,5B,38
129660,193,225,5A,5B,10
129660,194,230,5A,5B,15
129660,156,159,4A,4A,54
129660,156,83,4A,2B,2
129660,120,159,3B,4A,2
129660,120,106,3B,3A,9
129660,120,83,3B,2B,46
129660,121,227,3B,5B,1
129660,131,62,3B,2A,97
129660,229,9,5B,1A,1
129660,230,67,5B,2A,1
129660,54,23,2A,1B,1
129660,54,17,2A,1A,1
129660,23,17,1B,1A,1
129660,28,39,1B,1B,57
129660,30,16,1B,1A,1
129660,135,64,3B,2A,2
129660,98,114,3A,3A,61
129660,105,114,3A,3A,49
129660,106,83,3A,2B,1
129660,18,46,1A,1B,1
129660,114,116,3A,3A,5
129680,210,131,5B,3B,2
129680,219,40,5B,1B,2
129680,187,190,5A,5A,130
129680,194,142,5A,4A,1
129680,223,12,5B,1A,1
129680,197,206,5A,5A,39
129680,199,129,5A,3B,1
129680,199,131,5A,3B,2
129680,232,149,Teachers,4A,1
129680,153,158,4A,4A,73
129680,154,172,4A,4B,44
129680,155,114,4A,3A,1
129680,129,46,3B,1B,13
129680,52,74,2A,2B,145
129680,52,85,2A,2B,6
129680,56,74,2A,2B,10
129680,56,85,2A,2B,28
129680,57,118,2A,3A,2
129680,23,184,1B,4B,1
129680,28,32,1B,1B,2
129680,30,39,1B,1B,1
129680,30,237,1B,Teachers,1
129680,32,5,1B,1A,2
129680,38,5,1B,1A,1
129680,39,16,1B,1A,1
129680,135,46,3B,1B,7
129680,207,119,5A,3A,3
129680,9,117,1A,3A,36
129680,107,115,3A,3A,47
129680,18,86,1A,2B,1
129680,19,96,1A,2B,1
129680,176,179,4B,4B,45
129700,214,155,5B,4A,6
129700,214,162,5B,4A,2
129700,219,12,5B,1A,1
129700,220,12,5B,1A,1
129700,194,224,5A,5B,11
129700,194,225,5A,5B,6
129700,224,176,5B,4B,1
129700,142,174,4A,4B,2
129700,201,206,5A,5A,48
129700,149,184,4A,4B,1
129700,154,9,4A,1A,1
129700,155,172,4A,4B,3
129700,121,82,3B,2B,1
129700,121,86,3B,2B,1
129700,121,64,3B,2A,2
129700,227,237,5B,Teachers,1
129700,57,96,2A,2B,44
129700,26,43,1B,1B,49
129700,32,16,1B,1A,1
129700,72,87,2B,2B,7
129700,18,83,1A,2B,19
129700,20,176,1A,4B,1
129700,160,62,4A,2A,1
129700,172,184,4B,4B,49
129700,85,119,2B,3A,3
129700,87,93,2B,2B,5
129720,210,190,5B,5A,3
129720,210,196,5B,5A,8
129720,214,142,5B,4A,3
129720,214,149,5B,4A,7
129720,214,181,5B,4B,103
129720,190,225,5A,5B,25
129720,190,96,5A,2B,1
129720,143,176,4A,4B,15
129720,232,172,Teachers,4B,2
129720,232,184,Teachers,4B,1
129720,149,150,4A,4A,18
129720,149,181,4A,4B,3
129720,150,181,4A,4B,47
129720,153,5,4A,1A,1
129720,153,162,4A,4A,10
129720,154,155,4A,4A,1
129720,154,184,4A,4B,5
129720,120,18,3B,1A,3
129720,230,174,5B,4B,1
129720,54,237,2A,Teachers,1
129720,54,96,2A,2B,164
129720,40,135,1B,3B,1
129720,41,107,1B,3A,1
129720,41,115,1B,3A,2
129720,42,115,1B,3A,4
129720,72,79,2B,2B,4
129720,72,93,2B,2B,3
129720,5,162,1A,4A,2
129720,8,64,1A,2A,2
129720,109,118,3A,3A,14
129720,109,179,3A,4B,1
129720,96,46,2B,1B,1
129740,210,224,5B,5B,2
129740,189,229,5A,5B,20
129740,193,82,5A,2B,1
129740,224,230,5B,5B,32
129740,224,114,5B,3A,1
129740,225,107,5B,3A,2
129740,232,30,Teachers,1B,1
129740,156,18,4A,1A,1
129740,123,98,3B,3A,8
129740,123,105,3B,3A,5
129740,123,184,3B,4B,1
129740,227,54,5B,2A,2
129740,131,56,3B,2A,5
129740,131,72,3B,2B,3
129740,54,57,2A,2A,43
129740,23,30,1B,1B,30
129740,36,237,1B,Teachers,3
129740,40,94,1B,2B,2
129740,42,107,1B,3A,1
129740,135,9,3B,1A,10
129740,72,62,2B,2A,5
129740,159,18,4A,1A,1
129740,237,114,Teachers,3A,1
129740,207,86,5A,2B,1
129740,5,94,1A,2B,2
129740,106,92,3A,2B,47
129740,106,47,3A,1B,1
129740,6,46,1A,1B,5
129740,9,111,1A,3A,2
129740,115,116,3A,3A,9
129740,117,179,3A,4B,1
129740,87,70,2B,2A,30
129740,92,47,2B,1B,1
129740,94,46,2B,1B,2
129760,219,190,5B,5A,2
129760,219,92,5B,2B,1
129760,187,224,5A,5B,15
129760,187,230,5A,5B,32
129760,189,230,5A,5B,2
129760,189,18,5A,1A,1
129760,189,83,5A,2B,1
129760,190,199,5A,5A,4
129760,220,159,5B,4A,7
129760,220,181,5B,4B,2
129760,199,30,5A,1B,5
129760,155,17,4A,1A,1
129760,120,108,3B,3A,18
129760,120,114,3B,3A,16
129760,227,57,5B,2A,1
129760,229,30,5B,1B,1
129760,28,82,1B,2B,2
129760,30,5,1B,1A,6
129760,41,83,1B,2B,3
129760,135,111,3B,3A,9
129760,135,179,3B,4B,2
129760,237,92,Teachers,2B,1
129760,106,62,3A,2A,1
129760,111,179,3A,4B,1
129780,194,82,5A,2B,1
129780,200,94,5A,2B,1
129780,232,177,Teachers,4B,1
129780,131,85,3B,2B,5
129780,52,62,2A,2A,13
129780,56,62,2A,2A,4
129780,28,8,1B,1A,3
129780,30,116,1B,3A,1
129780,32,159,1B,4A,6
129780,39,2,1B,1A,7
129780,72,184,2B,4B,1
129780,74,62,2B,2A,1
129780,78,79,2B,2B,2
129780,79,70,2B,2A,5
129800,208,16,5B,1A,1
129800,216,219,5B,5B,7
129800,223,227,5B,5B,12
129800,225,16,5B,1A,1
129800,204,229,5A,5B,15
129800,156,32,4A,1B,6
129800,129,207,3B,5A,2
129800,129,117,3B,3A,2
129800,129,177,3B,4B,1
129800,23,41,1B,1B,6
129800,32,40,1B,1B,154
129800,135,118,3B,3A,21
129800,98,94,3A,2B,7
129800,207,111,5A,3A,3
129800,207,174,5A,4B,1
129800,207,177,5A,4B,2
129800,5,62,1A,2A,1
129800,174,177,4B,4B,10
129800,85,62,2B,2A,2
129800,92,184,2B,4B,1
129820,216,39,5B,1B,35
129820,216,82,5B,2B,1
129820,216,2,5B,1A,1
129820,219,189,5B,5A,4
129820,219,227,5B,5B,15
129820,189,220,5A,5B,6
129820,189,223,5A,5B,4
129820,190,197,5A,5A,2
129820,190,201,5A,5A,1
129820,220,227,5B,5B,17
129820,142,153,4A,4A,12
129820,142,158,4A,4A,10
129820,153,179,4A,4B,37
129820,131,74,3B,2B,7
129820,52,99,2A,3A,2
129820,39,159,1B,4A,1
129820,158,179,4A,4B,47
129820,82,111,2B,3A,1
129820,5,85,1A,2B,1
129820,9,176,1A,4B,2
129820,160,179,4A,4B,10
129820,111,86,3A,2B,2
129820,177,184,4B,4B,52
129840,143,207,4A,5A,3
129840,120,177,3B,4B,1
129840,126,98,3B,3A,11
129840,131,114,3B,3A,7
129840,52,75,2A,2B,5
129840,57,107,2A,3A,2
129840,23,42,1B,1B,1
129840,23,83,1B,2B,2
129840,28,62,1B,2A,1
129840,30,107,1B,3A,1
129840,32,36,1B,1B,99
129840,38,207,1B,5A,1
129840,38,47,1B,1B,1
129840,135,119,3B,3A,1
129840,117,46,3A,1B,2
129860,217,179,5B,4B,23
129860,199,38,5A,1B,2
129860,199,207,5A,5A,4
129860,199,47,5A,1B,1
129860,143,67,4A,2A,1
129860,156,36,4A,1B,6
129860,120,135,3B,3B,2
129860,123,126,3B,3B,12
129860,123,5,3B,1A,1
129860,227,94,5B,2B,1
129860,126,107,3B,3A,1
129860,133,207,3B,5A,1
129860,58,36,2A,1B,1
129860,58,40,2A,1B,1
129860,28,86,1B,2B,1
129860,30,85,1B,2B,1
129860,32,18,1B,1A,2
129860,75,85,2B,2B,5
129860,98,111,3A,3A,7
129860,100,109,3A,3A,84
129860,82,86,2B,2B,81
129860,5,107,1A,3A,3
129860,109,176,3A,4B,1
129860,172,177,4B,4B,107
129860,115,83,3A,2B,7
129860,174,184,4B,4B,5
129860,162,65,4A,2A,1
129860,162,67,4A,2A,1
129880,217,158,5B,4A,39
129880,187,5,5A,1A,1
129880,199,54,5A,2A,1
129880,150,156,4A,4A,3
129880,150,55,4A,2A,1
129880,150,159,4A,4A,5
129880,154,177,4A,4B,9
129880,123,79,3B,2B,45
129880,54,2,2A,1A,1
129880,55,159,2A,4A,2
129880,30,92,1B,2B,1
129880,32,9,1B,1A,2
129880,36,92,1B,2B,4
129880,40,9,1B,1A,1
129880,40,18,1B,1A,1
129880,41,114,1B,3A,2
129880,98,106,3A,3A,1
129880,99,106,3A,3A,2
129880,99,111,3A,3A,3
129880,100,116,3A,3A,9
129880,100,118,3A,3A,14
129880,105,62,3A,2A,4
129880,207,108,5A,3A,1
129880,9,46,1A,1B,1
129880,107,114,3A,3A,1
129880,107,83,3A,2B,3
129880,117,92,3A,2B,2
129880,118,65,3A,2A,6
129900,216,94,5B,2B,1
129900,217,153,5B,4A,10
129900,219,94,5B,2B,1
129900,187,94,5A,2B,1
129900,199,74,5A,2B,1
129900,154,131,4A,3B,1
129900,123,100,3B,3A,1
129900,52,30,2A,1B,1
129900,54,74,2A,2B,1
129900,55,32,2A,1B,2
129900,58,9,2A,1A,1
129900,30,2,1B,1A,1
129900,40,2,1B,1A,1
129900,78,2,2B,1A,1
129900,98,207,3A,5A,1
129900,98,184,3A,4B,1
129900,207,172,5A,4B,1
129900,207,162,5A,4A,7
129900,2,87,1A,2B,1
129900,106,111,3A,3A,1
129900,114,96,3A,2B,1
129900,86,46,2B,1B,1
129920,210,227,5B,5B,12
129920,214,159,5B,4A,1
129920,216,220,5B,5B,14
129920,217,83,5B,2B,2
129920,193,207,5A,5A,2
129920,223,184,5B,4B,3
129920,224,27,5B,1B,6
129920,224,41,5B,1B,1
129920,225,199,5B,5A,1
129920,143,116,4A,3A,1
129920,143,119,4A,3A,1
129920,120,123,3B,3B,4
129920,120,126,3B,3B,81
129920,123,108,3B,3A,11
129920,126,108,3B,3A,8
129920,129,176,3B,4B,1
129920,55,62,2A,2A,51
129920,58,92,2A,2B,1
129920,23,82,1B,2B,1
129920,27,46,1B,1B,52
129920,30,32,1B,1B,2
129920,30,9,1B,1A,1
129920,30,87,1B,2B,1
129920,32,92,1B,2B,3
129920,36,5,1B,1A,1
129920,135,176,3B,4B,1
129920,72,82,2B,2B,4
129920,72,114,2B,3A,5
129920,74,65,2B,2A,9
129920,236,237,Teachers,Teachers,2
129920,78,5,2B,1A,3
129920,98,118,3A,3A,4
129920,159,181,4A,4B,2
129920,82,5,2B,1A,31
129920,207,43,5A,1B,3
129920,43,177,1B,4B,2
129920,107,93,3A,2B,1
129920,111,118,3A,3A,4
129920,117,85,3A,2B,3
129920,83,179,2B,4B,6
129920,85,67,2B,2A,48
129920,92,94,2B,2B,8
129940,219,207,5B,5A,3
129940,189,225,5A,5B,4
129940,225,123,5B,3B,1
129940,225,227,5B,5B,1
129940,225,229,5B,5B,6
129940,199,123,5A,3B,1
129940,149,41,4A,1B,4
129940,150,107,4A,3A,2
129940,154,181,4A,4B,7
129940,156,230,4A,5B,1
129940,120,207,3B,5A,2
129940,123,26,3B,1B,1
129940,227,131,5B,3B,1
129940,227,229,5B,5B,40
129940,229,106,5B,3A,2
129940,230,159,5B,4A,1
129940,133,115,3B,3A,28
129940,26,172,1B,4B,2
129940,26,177,1B,4B,1
129940,158,83,4A,2B,1
129960,210,216,5B,5B,9
129960,217,176,5B,4B,8
129960,196,111,5A,3A,1
129960,149,42,4A,1B,4
129960,120,115,3B,3A,28
129960,131,116,3B,3A,3
129960,52,79,2A,2B,4
129960,60,5,2A,1A,1
129960,60,92,2A,2B,2
129960,23,26,1B,1B,3
129960,23,2,1B,1A,1
129960,40,72,1B,2B,1
129960,40,92,1B,2B,1
129960,158,176,4A,4B,16
129960,74,116,2B,3A,2
129960,79,62,2B,2A,1
129960,2,93,1A,2B,1
129960,115,118,3A,3A,18
129980,210,193,5B,5A,3
129980,210,223,5B,5B,1
129980,214,207,5B,5A,1
129980,224,201,5B,5A,1
129980,196,107,5A,3A,1
129980,199,204,5A,5A,36
129980,150,121,4A,3B,1
129980,121,207,3B,5A,1
129980,123,83,3B,2B,4
129980,123,179,3B,4B,1
129980,126,83,3B,2B,22
129980,126,179,3B,4B,1
129980,131,41,3B,1B,4
129980,133,56,3B,2A,70
129980,133,65,3B,2A,2
129980,55,5,2A,1A,1
129980,55,18,2A,1A,22
129980,55,114,2A,3A,4
129980,57,39,2A,1B,2
129980,36,87,1B,2B,1
129980,75,67,2B,2A,14
129980,98,117,3A,3A,32
129980,107,65,3A,2A,5
129980,107,67,3A,2A,3
129980,115,117,3A,3A,2
129980,117,93,3A,2B,69
130000,210,189,5B,5A,16
130000,210,41,5B,1B,2
130000,210,135,5B,3B,1
130000,210,83,5B,2B,1
130000,216,225,5B,5B,2
130000,216,229,5B,5B,23
130000,219,229,5B,5B,1
130000,220,109,5B,3A,1
130000,131,207,3B,5A,1
130000,55,119,2A,3A,3
130000,56,65,2A,2A,5
130000,32,114,1B,3A,1
130000,72,92,2B,2B,115
130000,74,159,2B,4A,1
130000,18,116,1A,3A,2
130020,214,131,5B,3B,1
130020,216,199,5B,5A,8
130020,219,174,5B,4B,5
130020,187,220,5A,5B,2
130020,190,223,5A,5B,2
130020,193,229,5A,5B,1
130020,133,75,3B,2B,1
130020,133,107,3B,3A,32
130020,133,67,3B,2A,9
130020,54,159,2A,4A,1
130020,55,36,2A,1B,1
130020,26,117,1B,3A,1
130020,28,30,1B,1B,1
130020,32,72,1B,2B,3
130020,75,107,2B,3A,2
130020,99,85,3A,2B,2
130020,99,118,3A,3A,4
130020,5,87,1A,2B,5
130020,107,111,3A,3A,6
130020,111,67,3A,2A,6
130040,190,220,5A,5B,2
130040,133,99,3B,3A,3
130040,133,111,3B,3A,5
130040,28,41,1B,1B,14
130040,36,72,1B,2B,2
130040,36,79,1B,2B,1
130040,41,6,1B,1A,1
130040,41,46,1B,1B,54
130040,42,6,1B,1A,1
130040,42,83,1B,2B,3
130040,42,46,1B,1B,64
130040,99,93,3A,2B,23
130040,5,92,1A,2B,1
130040,14,64,1A,2A,3
130040,83,46,2B,1B,1
130060,210,207,5B,5A,2
130060,214,227,5B,5B,1
130060,216,230,5B,5B,1
130060,220,174,5B,4B,1
130060,223,174,5B,4B,1
130060,150,227,4A,5B,3
130060,156,116,4A,3A,1
130060,123,41,3B,1B,2
130060,123,42,3B,1B,2
130060,123,46,3B,1B,3
130060,227,181,5B,4B,1
130060,131,115,3B,3A,7
130060,133,85,3B,2B,3
130060,54,70,2A,2A,6
130060,60,86,2A,2B,7
130060,25,38,1B,1B,1
130060,28,115,1B,3A,1
130060,39,94,1B,2B,1
130060,74,109,2B,3A,3
130060,99,117,3A,3A,2
130060,105,85,3A,2B,3
130060,2,47,1A,1B,2
130060,9,47,1A,1B,4
130060,162,179,4A,4B,6
130060,117,118,3A,3A,1
130080,210,225,5B,5B,39
130080,217,162,5B,4A,9
130080,190,162,5A,4A,52
130080,120,74,3B,2B,5
130080,121,118,3B,3A,100
130080,123,27,3B,1B,1
130080,129,106,3B,3A,2
130080,131,133,3B,3B,5
130080,133,83,3B,2B,7
130080,55,70,2A,2A,41
130080,56,83,2A,2B,11
130080,28,92,1B,2B,1
130080,39,70,1B,2A,2
130080,72,64,2B,2A,1
130080,106,117,3A,3A,2
130080,9,18,1A,1A,53
130080,14,47,1A,1B,1
130080,107,62,3A,2A,5
130080,83,85,2B,2B,36
130080,83,67,2B,2A,29
130080,96,70,2B,2A,6
130100,120,32,3B,1B,1
130100,28,99,1B,3A,1
130100,39,46,1B,1B,1
130100,135,117,3B,3A,3
130100,106,108,3A,3A,2
130120,223,177,5B,4B,2
130120,123,129,3B,3B,5
130120,131,135,3B,3B,2
130120,55,30,2A,1B,1
130120,55,92,2A,2B,1
130120,30,72,1B,2B,1
130120,78,94,2B,2B,2
130120,98,93,3A,2B,78
130120,239,47,Teachers,1B,1
130120,62,70,2A,2A,2
130140,210,197,5B,5A,1
130140,216,194,5B,5A,2
130140,194,207,5A,5A,6
130140,196,199,5A,5A,11
130140,225,41,5B,1B,2
130140,143,158,4A,4A,9
130140,156,109,4A,3A,2
130140,121,108,3B,3A,1
130140,126,109,3B,3A,10
130140,129,23,3B,1B,1
130140,26,32,1B,1B,7
130140,38,237,1B,Teachers,13
130140,159,119,4A,3A,1
130140,5,47,1A,1B,1
130140,106,109,3A,3A,23
130140,18,47,1A,1B,1
130140,18,70,1A,2A,18
130160,216,26,5B,1B,3
130160,121,32,3B,1B,1
130160,131,42,3B,1B,3
130160,23,162,1B,4A,2
130160,28,40,1B,1B,2
130160,30,43,1B,1B,7
130160,41,99,1B,3A,1
130160,79,85,2B,2B,24
130160,2,70,1A,2A,1
130160,5,8,1A,1A,11
130160,5,9,1A,1A,2
130160,18,62,1A,2A,2
130160,85,64,2B,2A,4
130160,86,92,2B,2B,2
130180,208,43,5B,1B,2
130180,210,40,5B,1B,1
130180,194,162,5A,4A,5
130180,225,100,5B,3A,1
130180,142,143,4A,4A,7
130180,133,105,3B,3A,1
130180,54,85,2A,2B,2
130180,28,36,1B,1B,3
130180,85,87,2B,2B,1
130200,216,187,5B,5A,1
130200,216,190,5B,5A,2
130200,216,150,5B,4A,2
130200,142,176,4A,4B,33
130200,154,32,4A,1B,7
130200,154,39,4A,1B,6
130200,126,106,3B,3A,1
130200,229,36,5B,1B,4
130200,230,26,5B,1B,2
130200,133,159,3B,4A,3
130200,52,58,2A,2A,2
130200,57,62,2A,2A,1
130200,58,72,2A,2B,2
130200,58,93,2A,2B,14
130200,60,72,2A,2B,1
130200,60,93,2A,2B,69
130200,72,85,2B,2B,6
130200,72,94,2B,2B,7
130200,78,47,2B,1B,2
130200,159,105,4A,3A,1
130200,2,9,1A,1A,1
130200,2,62,1A,2A,1
130200,85,93,2B,2B,1
130200,86,94,2B,2B,4
130200,96,47,2B,1B,1
130200,47,70,1B,2A,1
130220,210,162,5B,4A,1
130220,216,181,5B,4B,1
130220,217,143,5B,4A,18
130220,143,30,4A,1B,1
130220,156,100,4A,3A,1
130220,230,28,5B,1B,2
130220,52,60,2A,2A,1
130220,57,87,2A,2B,4
130220,57,47,2A,1B,1
130220,58,60,2A,2A,38
130220,27,28,1B,1B,181
130220,28,46,1B,1B,13
130220,74,107,2B,3A,22
130220,74,83,2B,2B,4
130220,87,47,2B,1B,2
130220,92,93,2B,2B,13
130220,94,96,2B,2B,1
130240,216,162,5B,4A,3
130240,189,190,5A,5A,7
130240,189,207,5A,5A,2
130240,223,200,5B,5A,1
130240,120,105,3B,3A,2
130240,126,105,3B,3A,8
130240,52,72,2A,2B,1
130240,52,92,2A,2B,19
130240,56,108,2A,3A,4
130240,72,9,2B,1A,3
130240,74,117,2B,3A,1
130240,74,67,2B,2A,15
130240,79,64,2B,2A,1
130240,82,64,2B,2A,152
130240,9,92,1A,2B,1
130240,108,83,3A,2B,3
130240,111,115,3A,3A,3
130240,94,64,2B,2A,1
130260,216,207,5B,5A,1
130260,223,153,5B,4A,7
130260,121,129,3B,3B,12
130260,121,100,3B,3A,5
130260,58,116,2A,3A,1
130260,36,40,1B,1B,55
130260,41,100,1B,3A,1
130260,42,100,1B,3A,1
130260,75,119,2B,3A,1
130260,99,105,3A,3A,39
130260,79,9,2B,1A,1
130260,2,86,1A,2B,1
130260,9,86,1A,2B,1
130260,108,117,3A,3A,86
130260,116,67,3A,2A,1
130260,87,96,2B,2B,1
130260,93,47,2B,1B,1
130260,64,65,2A,2A,3
130280,216,197,5B,5A,3
130280,216,206,5B,5A,4
130280,223,143,5B,4A,4
130280,196,204,5A,5A,9
130280,225,30,5B,1B,2
130280,197,227,5A,5B,1
130280,199,159,5A,4A,1
130280,123,131,3B,3B,7
130280,227,206,5B,5A,2
130280,133,74,3B,2B,19
130280,133,118,3B,3A,9
130280,54,78,2A,2B,4
130280,54,5,2A,1A,29
130280,54,18,2A,1A,1
130280,55,78,2A,2B,76
130280,55,96,2A,2B,4
130280,60,117,2A,3A,59
130280,74,118,2B,3A,1
130280,75,83,2B,2B,5
130280,78,96,2B,2B,1
130280,82,2,2B,1A,2
130280,62,65,2A,2A,83
130300,187,207,5A,5A,10
130300,220,207,5B,5A,1
130300,200,172,5A,4B,1
130300,120,98,3B,3A,2
130300,120,99,3B,3A,4
130300,123,135,3B,3B,6
130300,227,159,5B,4A,1
130300,129,118,3B,3A,11
130300,131,106,3B,3A,5
130300,230,32,5B,1B,1
130300,133,98,3B,3A,1
130300,54,55,2A,2A,4
130300,57,78,2A,2B,80
130300,60,94,2A,2B,1
130300,41,159,1B,4A,5
130300,135,85,3B,2B,1
130300,78,9,2B,1A,30
130300,87,62,2B,2A,50
130300,92,96,2B,2B,2
130320,214,154,5B,4A,5
130320,216,42,5B,1B,4
130320,189,143,5A,4A,12
130320,190,207,5A,5A,16
130320,225,26,5B,1B,1
130320,143,227,4A,5B,3
130320,156,39,4A,1B,2
130320,121,109,3B,3A,3
130320,121,83,3B,2B,1
130320,78,18,2B,1A,28
130320,100,85,3A,2B,2
130320,5,96,1A,2B,22
130320,8,119,1A,3A,1
130320,87,65,2B,2A,95
130320,93,64,2B,2A,6
130320,62,119,2A,3A,2
130340,216,41,5B,1B,3
130340,216,46,5B,1B,1
130340,120,117,3B,3A,9
130340,121,106,3B,3A,4
130340,123,109,3B,3A,4
130340,230,162,5B,4A,10
130340,54,82,2A,2B,58
130340,54,86,2A,2B,39
130340,58,114,2A,3A,3
130340,40,159,1B,4A,3
130340,100,47,3A,1B,1
130340,159,177,4A,4B,1
130340,2,119,1A,3A,11
130340,5,86,1A,2B,20
130340,6,62,1A,2A,14
130340,111,94,3A,2B,2
130340,114,94,3A,2B,2
130340,83,118,2B,3A,2
130340,67,47,2A,1B,1
130360,189,41,5A,1B,2
130360,120,52,3B,2A,2
130360,120,111,3B,3A,16
130360,227,41,5B,1B,2
130360,227,42,5B,1B,3
130360,129,56,3B,2A,1
130360,133,52,3B,2A,4
130360,52,111,2A,3A,1
130360,54,64,2A,2A,63
130360,55,57,2A,2A,63
130360,56,47,2A,1B,1
130360,58,108,2A,3A,14
130360,135,100,3B,3A,1
130360,135,109,3B,3A,1
130360,135,67,3B,2A,5
130360,8,111,1A,3A,1
130360,108,93,3A,2B,16
130360,109,67,3A,2A,1
130360,116,87,3A,2B,53
130360,116,65,3A,2A,52
130360,85,118,2B,3A,1
130360,86,96,2B,2B,31
130380,189,42,5A,1B,4
130380,120,119,3B,3A,5
130380,129,107,3B,3A,13
130380,131,118,3B,3A,4
130380,133,109,3B,3A,3
130380,60,99,2A,3A,2
130380,106,118,3A,3A,19
130380,114,93,3A,2B,60
130380,116,62,3A,2A,71
130380,83,47,2B,1B,1
130400,208,227,5B,5B,2
130400,208,30,5B,1B,12
130400,187,225,5A,5B,18
130400,133,79,3B,2B,5
130400,133,2,3B,1A,8
130400,52,8,2A,1A,108
130400,58,117,2A,3A,32
130400,60,108,2A,3A,13
130400,26,40,1B,1B,1
130400,32,43,1B,1B,11
130400,135,8,3B,1A,31
130400,135,107,3B,3A,17
130400,135,115,3B,3A,7
130400,72,115,2B,3A,26
130400,8,107,1A,3A,56
130400,115,92,3A,2B,41
130420,216,143,5B,4A,7
130420,217,227,5B,5B,1
130420,199,41,5A,1B,3
130420,142,177,4A,4B,11
130420,123,56,3B,2A,10
130420,123,75,3B,2B,9
130420,227,160,5B,4A,1
130420,131,60,3B,2A,7
130420,133,119,3B,3A,18
130420,52,135,2A,3B,52
130420,74,8,2B,1A,59
130420,74,64,2B,2A,3
130420,100,111,3A,3A,12
130420,2,115,1A,3A,7
130420,5,64,1A,2A,67
130440,208,223,5B,5B,1
130440,189,204,5A,5A,1
130440,190,177,5A,4B,3
130440,190,184,5A,4B,1
130440,123,85,3B,2B,38
130440,123,67,3B,2A,47
130440,126,115,3B,3A,17
130440,129,52,3B,2A,45
130440,131,58,3B,2A,30
130440,56,5,2A,1A,3
130440,135,74,3B,2B,18
130440,79,94,2B,2B,118
130440,105,93,3A,2B,38
130460,189,199,5A,5A,16
130460,204,227,5A,5B,2
130460,149,27,4A,1B,7
130460,149,46,4A,1B,8
130460,120,2,3B,1A,4
130460,230,207,5B,5A,10
130460,32,42,1B,1B,1
130460,98,67,3A,2A,5
130460,94,67,2B,2A,50
130480,229,43,5B,1B,1
130480,56,2,2A,1A,7
130480,36,177,1B,4B,1
130480,2,118,1A,3A,48
130500,208,23,5B,1B,39
130500,189,150,5A,4A,3
130500,143,160,4A,4A,9
130500,153,176,4A,4B,46
130500,155,41,4A,1B,3
130500,155,46,4A,1B,5
130500,129,72,3B,2B,3
130500,2,67,1A,2A,9
130500,106,115,3A,3A,41
130500,43,184,1B,4B,2
130500,160,176,4A,4B,5
130520,199,150,5A,4A,1
130520,143,36,4A,1B,5
130520,121,56,3B,2A,14
130520,131,117,3B,3A,27
130520,2,83,1A,2B,23
130520,85,94,2B,2B,47
130540,223,36,5B,1B,1
130540,224,26,5B,1B,3
130540,224,43,5B,1B,4
130540,150,229,4A,5B,10
130540,121,119,3B,3A,2
130540,129,74,3B,2B,29
130540,129,94,3B,2B,1
130540,55,9,2A,1A,27
130540,30,41,1B,1B,2
130540,135,94,3B,2B,5
130540,79,67,2B,2A,22
130560,210,159,5B,4A,1
130560,223,159,5B,4A,6
130560,142,184,4A,4B,18
130560,120,94,3B,2B,1
130560,57,9,2A,1A,6
130560,26,162,1B,4A,97
130560,43,162,1B,4A,3
130560,9,70,1A,2A,11
130560,109,83,3A,2B,20
130580,196,227,5A,5B,7
130580,204,30,5A,1B,14
130580,131,108,3B,3A,32
130580,28,42,1B,1B,23
130580,94,119,2B,3A,1
130600,208,204,5B,5A,8
130600,143,153,4A,4A,7
130600,123,94,3B,2B,52
130600,227,26,5B,1B,2
130600,57,70,2A,2A,41
130600,32,41,1B,1B,1
130600,72,106,2B,3A,10
130600,74,5,2B,1A,4
130600,106,94,3A,2B,2
130600,111,83,3A,2B,42
130600,96,64,2B,2A,39
130620,214,26,5B,1B,2
130620,187,162,5A,4A,21
130620,220,28,5B,1B,2
130620,155,42,4A,1B,3
130620,23,36,1B,1B,1
130620,40,46,1B,1B,12
130620,100,83,3A,2B,20
130640,216,196,5B,5A,7
130640,187,26,5A,1B,40
130640,224,162,5B,4A,8
130640,149,28,4A,1B,2
130640,230,36,5B,1B,1
130640,26,36,1B,1B,2
130640,75,94,2B,2B,16
130660,143,179,4A,4B,16
130660,75,98,2B,3A,2
130660,98,83,3A,2B,2
130660,114,117,3A,3A,23
130680,208,207,5B,5A,3
130680,210,42,5B,1B,2
130680,210,46,5B,1B,1
130680,189,46,5A,1B,3
130700,210,39,5B,1B,2
130700,217,149,5B,4A,3
130700,219,225,5B,5B,3
130700,219,27,5B,1B,3
130700,220,149,5B,4A,1
130700,194,155,5A,4A,1
130700,223,229,5B,5B,2
130700,224,207,5B,5A,9
130700,199,227,5A,5B,11
130700,123,2,3B,1A,13
130700,229,207,5B,5A,4
130700,52,107,2A,3A,52
130700,118,92,3A,2B,31
130720,220,225,5B,5B,1
130720,193,43,5A,1B,1
130720,225,230,5B,5B,28
130720,199,42,5A,1B,1
130720,199,46,5A,1B,1
130740,189,196,5A,5A,9
130740,193,23,5A,1B,38
130740,223,27,5B,1B,2
130740,196,229,5A,5B,2
130740,57,18,2A,1A,6
130740,27,159,1B,4A,6
130740,75,79,2B,2B,29
130740,98,108,3A,3A,5
130740,82,96,2B,2B,26
130760,224,225,5B,5B,18
130760,156,27,4A,1B,1
130780,208,40,5B,1B,1
130780,153,26,4A,1B,1
130780,155,227,4A,5B,1
130780,42,159,1B,4A,3
130780,159,46,4A,1B,5
130800,214,194,5B,5A,2
130800,225,207,5B,5A,5
130820,210,153,5B,4A,2
130820,219,155,5B,4A,2
130820,220,155,5B,4A,1
130820,220,160,5B,4A,28
130820,223,160,5B,4A,20
130820,196,23,5A,1B,1
130820,149,158,4A,4A,2
130820,155,160,4A,4A,15
130820,131,98,3B,3A,2
130820,60,98,2A,3A,28
130840,224,30,5B,1B,4
130840,142,172,4A,4B,3
130840,200,230,5A,5B,3
130840,143,155,4A,4A,8
130840,155,27,4A,1B,5
130840,155,159,4A,4A,2
130840,120,109,3B,3A,39
130860,190,204,5A,5A,1
130860,142,46,4A,1B,2
130860,149,32,4A,1B,1
130860,36,159,1B,4A,6
130860,36,43,1B,1B,16
130860,159,43,4A,1B,7
130860,159,176,4A,4B,20
130860,172,174,4B,4B,18
130860,172,46,4B,1B,1
130880,189,193,5A,5A,2
130880,142,30,4A,1B,1
130880,153,159,4A,4A,1
130880,153,43,4A,1B,2
130880,156,30,4A,1B,1
130900,217,155,5B,4A,2
130900,190,227,5A,5B,2
130900,153,36,4A,1B,4
130900,26,46,1B,1B,10
130900,36,158,1B,4A,5
130900,43,160,1B,4A,4
130920,143,43,4A,1B,23
130920,131,93,3B,2B,7
130920,30,158,1B,4A,1
130920,2,92,1A,2B,18
130940,217,150,5B,4A,2
130940,219,181,5B,4B,2
130940,193,30,5A,1B,24
130940,36,179,1B,4B,13
130940,42,207,1B,5A,3
130940,14,116,1A,3A,5
130960,223,181,5B,4B,4
130960,225,162,5B,4A,12
130960,129,8,3B,1A,13
130960,36,176,1B,4B,25
130980,208,210,5B,5B,4
130980,214,223,5B,5B,2
130980,156,176,4A,4B,6
130980,26,42,1B,1B,15
130980,78,82,2B,2B,11
130980,43,176,1B,4B,8
131000,26,41,1B,1B,22
131000,6,65,1A,2A,20
131020,143,149,4A,4A,6
131020,143,150,4A,4A,4
131020,109,111,3A,3A,5
131040,223,26,5B,1B,1
131040,26,28,1B,1B,10
131060,72,2,2B,1A,11
131080,154,40,4A,1B,2
131080,155,162,4A,4A,51
131100,210,30,5B,1B,2
131100,220,150,5B,4A,2
131100,224,155,5B,4A,2
131100,150,176,4A,4B,3
131100,155,230,4A,5B,2
131120,196,179,5A,4B,1
131120,204,23,5A,1B,14
131120,204,39,5A,1B,1
131120,150,32,4A,1B,17
131120,150,179,4A,4B,3
131140,210,176,5B,4B,1
131140,216,223,5B,5B,3
131140,225,197,5B,5A,1
131140,197,207,5A,5A,1
131140,154,179,4A,4B,1
131140,26,27,1B,1B,14
131160,187,155,5A,4A,5
131160,197,27,5A,1B,1
131160,149,153,4A,4A,2
131160,27,176,1B,4B,1
131160,30,176,1B,4B,1
131160,162,176,4A,4B,33
131180,210,27,5B,1B,3
131180,23,179,1B,4B,1
131180,36,46,1B,1B,83
131200,190,229,5A,5B,2
131200,193,199,5A,5A,4
131200,224,227,5B,5B,1
131200,155,23,4A,1B,1
131200,27,162,1B,4A,3
131200,28,176,1B,4B,1
131200,40,41,1B,1B,1
131200,40,179,1B,4B,1
131200,41,158,1B,4A,1
131200,41,176,1B,4B,1
131220,208,162,5B,4A,1
131220,220,162,5B,4A,2
131220,193,204,5A,5A,11
131220,197,184,5A,4B,2
131240,197,172,5A,4B,2
131240,32,176,1B,4B,2
131260,230,42,5B,1B,1
131260,27,207,1B,5A,5
131260,82,70,2B,2A,5
131260,207,46,5A,1B,1
131280,208,27,5B,1B,1
131280,208,42,5B,1B,1
131280,217,156,5B,4A,1
131280,190,150,5A,4A,5
131300,208,190,5B,5A,2
131300,219,150,5B,4A,4
131300,199,154,5A,4A,1
131320,190,30,5A,1B,6
131320,190,42,5A,1B,1
131320,224,39,5B,1B,1
131320,27,179,1B,4B,2
131340,210,150,5B,4A,1
131340,216,224,5B,5B,1
131340,219,149,5B,4A,4
131340,193,162,5A,4A,1
131340,225,153,5B,4A,1
131340,150,153,4A,4A,3
131360,208,28,5B,1B,1
131360,210,194,5B,5A,1
131360,149,162,4A,4A,40
131360,150,162,4A,4A,4
131360,155,177,4A,4B,3
131360,23,27,1B,1B,2
131380,142,155,4A,4A,34
131380,142,160,4A,4A,9
131380,204,28,5A,1B,1
131380,149,36,4A,1B,1
131380,149,43,4A,1B,1
131380,150,43,4A,1B,9
131380,153,23,4A,1B,1
131400,155,184,4A,4B,4
131420,210,28,5B,1B,1
131420,187,30,5A,1B,2
131420,199,27,5A,1B,2
131420,149,176,4A,4B,4
131420,154,207,4A,5A,1
131440,208,194,5B,5A,1
131440,208,160,5B,4A,2
131440,219,43,5B,1B,5
131440,149,207,4A,5A,2
131460,216,193,5B,5A,1
131460,219,42,5B,1B,3
131460,143,162,4A,4A,4
131460,156,162,4A,4A,3
131480,208,187,5B,5A,3
131480,208,230,5B,5B,5
131480,220,224,5B,5B,2
131480,223,207,5B,5A,1
131480,223,43,5B,1B,3
131480,149,179,4A,4B,2
131480,227,39,5B,1B,20
131500,219,159,5B,4A,2
131500,190,153,5A,4A,1
131500,190,160,5A,4A,1
131500,190,179,5A,4B,1
131500,194,153,5A,4A,2
131500,143,156,4A,4A,2
131500,30,42,1B,1B,1
131520,219,143,5B,4A,2
131520,193,194,5A,5A,3
131520,224,153,5B,4A,1
131540,204,184,5A,4B,1
131540,155,174,4A,4B,1
131540,56,118,2A,3A,2
131560,220,194,5B,5A,11
131580,190,193,5A,5A,3
131580,199,26,5A,1B,2
131580,126,111,3B,3A,6
131580,30,207,1B,5A,2
131580,43,179,1B,4B,5
131600,194,23,5A,1B,1
131600,149,229,4A,5B,5
131600,155,40,4A,1B,1
131620,220,23,5B,1B,3
131620,193,223,5A,5B,1
131620,223,204,5B,5A,2
131620,57,65,2A,2A,6
131640,214,32,5B,1B,3
131640,150,46,4A,1B,63
131660,219,36,5B,1B,5
131660,143,27,4A,1B,9
131660,143,28,4A,1B,4
131660,229,162,5B,4A,2
131680,193,227,5A,5B,2
131680,197,36,5A,1B,1
131680,121,133,3B,3B,7
131680,129,92,3B,2B,2
131680,159,179,4A,4B,5
131680,207,179,5A,4B,1
131700,219,177,5B,4B,1
131700,72,118,2B,3A,14
131720,208,184,5B,4B,1
131720,217,160,5B,4A,39
131720,194,149,5A,4A,1
131720,230,43,5B,1B,4
131740,190,149,5A,4A,18
131760,219,179,5B,4B,3
131760,224,159,5B,4A,3
131780,214,172,5B,4B,2
131780,193,28,5A,1B,1
131780,199,230,5A,5B,1
131780,149,172,4A,4B,2
131780,172,181,4B,4B,1
131800,219,176,5B,4B,3
131800,197,155,5A,4A,1
131800,199,143,5A,4A,2
131800,27,160,1B,4A,3
131820,220,39,5B,1B,1
131820,223,39,5B,1B,1
131820,199,153,5A,4A,3
131820,143,46,4A,1B,3
131820,42,160,1B,4A,3
131820,78,62,2B,2A,2
131820,78,65,2B,2A,2
131820,2,109,1A,3A,3
131820,43,172,1B,4B,2
131820,160,46,4A,1B,4
131840,199,39,5A,1B,1
131840,143,42,4A,1B,4
131840,153,28,4A,1B,4
131840,158,159,4A,4A,1
131860,210,158,5B,4A,2
131860,217,46,5B,1B,2
131860,142,149,4A,4A,17
131860,149,174,4A,4B,1
131860,153,27,4A,1B,4
131860,129,98,3B,3A,1
131880,189,26,5A,1B,3
131880,199,43,5A,1B,1
131880,39,40,1B,1B,10
131880,98,65,3A,2A,1
131880,14,62,1A,2A,4
131900,216,32,5B,1B,5
131900,204,27,5A,1B,1
131920,210,26,5B,1B,1
131920,227,32,5B,1B,3
131920,41,43,1B,1B,11
131940,190,26,5A,1B,32
131940,199,179,5A,4B,2
131940,72,83,2B,2B,7
131960,208,36,5B,1B,4
131960,121,2,3B,1A,4
131960,30,36,1B,1B,1
131980,217,28,5B,1B,1
131980,189,27,5A,1B,6
131980,143,41,4A,1B,2
131980,230,179,5B,4B,1
131980,6,87,1A,2B,8
132000,217,27,5B,1B,1
132000,27,158,1B,4A,1
132000,43,46,1B,1B,6
132020,28,207,1B,5A,1
132040,154,174,4A,4B,33
132040,38,40,1B,1B,28
132040,83,119,2B,3A,2
132060,208,199,5B,5A,3
132060,190,32,5A,1B,1
132060,190,39,5A,1B,21
132060,225,154,5B,4A,1
132060,36,38,1B,1B,108
132060,174,162,4B,4A,1
132080,187,142,5A,4A,1
132080,189,40,5A,1B,1
132080,220,199,5B,5A,1
132080,143,154,4A,4A,36
132080,143,174,4A,4B,19
132080,230,23,5B,1B,4
132080,32,237,1B,Teachers,1
132080,32,46,1B,1B,50
132080,237,43,Teachers,1B,1
132080,237,46,Teachers,1B,1
132080,105,117,3A,3A,5
132100,224,23,5B,1B,3
132100,230,27,5B,1B,1
132100,74,78,2B,2B,3
132100,9,65,1A,2A,4
132120,60,114,2A,3A,4
132120,27,30,1B,1B,1
132120,6,116,1A,3A,10
132140,190,23,5A,1B,4
132140,193,224,5A,5B,1
132140,154,28,4A,1B,1
132160,219,30,5B,1B,1
132160,143,26,4A,1B,1
132160,27,38,1B,1B,2
132160,28,38,1B,1B,1
132180,199,174,5A,4B,2
132200,193,230,5A,5B,19
132200,225,36,5B,1B,1
132200,36,160,1B,4A,1
132200,36,162,1B,4A,2
132220,41,162,1B,4A,5
132220,5,111,1A,3A,2
132240,27,174,1B,4B,2
132240,42,43,1B,1B,1
132240,74,111,2B,3A,2
132260,189,172,5A,4B,2
132260,149,160,4A,4A,7
132260,42,162,1B,4A,5
132260,162,46,4A,1B,2
132280,154,227,4A,5B,1
132280,120,100,3B,3A,12
132280,126,100,3B,3A,5
132280,229,174,5B,4B,1
132300,208,46,5B,1B,1
132300,193,26,5A,1B,4
132300,153,42,4A,1B,32
132300,227,158,5B,4A,2
132320,153,41,4A,1B,2
132320,154,229,4A,5B,3
132320,229,26,5B,1B,1
132320,26,30,1B,1B,1
132360,219,38,5B,1B,2
132380,219,158,5B,4A,11
132380,223,158,5B,4A,10
132400,217,219,5B,5B,2
132400,217,223,5B,5B,1
132400,193,41,5A,1B,1
132400,143,184,4A,4B,5
132420,204,26,5A,1B,2
132440,220,158,5B,4A,4
132440,78,116,2B,3A,1
132460,2,106,1A,3A,7
132480,208,189,5B,5A,2
132480,187,172,5A,4B,2
132480,28,43,1B,1B,1
132500,189,23,5A,1B,1
132500,197,26,5A,1B,1
132500,38,39,1B,1B,3
132520,219,153,5B,4A,1
132520,219,162,5B,4A,3
132520,158,162,4A,4A,1
132540,208,26,5B,1B,1
132540,216,200,5B,5A,2
132540,204,43,5A,1B,1
132540,123,119,3B,3A,1
132560,187,200,5A,5A,1
132560,190,143,5A,4A,2
132560,225,150,5B,4A,1
132560,119,67,3A,2A,1
132600,214,184,5B,4B,1
132600,187,143,5A,4A,1
132600,193,42,5A,1B,1
132600,200,39,5A,1B,2
132620,224,143,5B,4A,1
132620,143,32,4A,1B,1
132640,60,83,2A,2B,1
132660,208,159,5B,4A,1
132660,159,162,4A,4A,10
132680,56,22,2A,1A,6
132700,189,38,5A,1B,1
132700,224,38,5B,1B,1
132700,200,43,5A,1B,3
132720,189,39,5A,1B,14
132720,190,159,5A,4A,1
132720,199,162,5A,4A,2
132720,201,159,5A,4A,1
132740,36,172,1B,4B,1
132760,208,158,5B,4A,2
132760,216,40,5B,1B,1
132780,210,217,5B,5B,1
132780,190,155,5A,4A,28
132780,220,26,5B,1B,1
132780,197,43,5A,1B,1
132780,143,172,4A,4B,24
132780,204,38,5A,1B,1
132800,216,38,5B,1B,2
132800,227,38,5B,1B,4
132800,229,39,5B,1B,2
132820,200,26,5A,1B,2
132820,36,39,1B,1B,5
132840,214,200,5B,5A,1
132840,214,201,5B,5A,1
132840,200,181,5A,4B,2
132860,223,23,5B,1B,2
132860,27,172,1B,4B,7
132880,142,227,4A,5B,1
132880,200,150,5A,4A,2
132880,201,150,5A,4A,1
132880,126,92,3B,2B,2
132880,38,43,1B,1B,1
132900,190,154,5A,4A,2
132920,216,160,5B,4A,1
132920,150,41,4A,1B,2
132940,216,204,5B,5A,2
132940,223,162,5B,4A,1
132980,208,216,5B,5B,2
132980,150,184,4A,4B,1
133000,216,179,5B,4B,1
133000,220,30,5B,1B,1
133000,229,179,5B,4B,1
133040,223,179,5B,4B,2
133040,58,98,2A,3A,4
133060,200,40,5A,1B,2
133060,153,39,4A,1B,1
133080,208,39,5B,1B,1
133080,190,41,5A,1B,1
133080,220,179,5B,4B,3
133100,38,174,1B,4B,2
133100,39,174,1B,4B,1
133160,214,229,5B,5B,1
133160,214,174,5B,4B,1
133160,174,181,4B,4B,2
133180,150,174,4A,4B,3
133180,135,87,3B,2B,2
133180,106,9,3A,1A,1
133200,150,26,4A,1B,2
133200,150,42,4A,1B,2
133200,74,87,2B,2B,2
133200,6,14,1A,1A,1
133220,224,150,5B,4A,1
133220,155,28,4A,1B,1
133220,105,83,3A,2B,2
133240,142,27,4A,1B,4
133260,214,36,5B,1B,9
133260,150,36,4A,1B,13
133260,9,116,1A,3A,2
133260,115,67,3A,2A,3
133280,216,6,5B,1A,1
133280,189,6,5A,1A,1
133280,189,116,5A,3A,1
133280,120,67,3B,2A,2
133280,227,6,5B,1A,1
133280,227,96,5B,2B,1
133280,229,96,5B,2B,1
133300,208,153,5B,4A,1
133300,219,193,5B,5A,1
133300,6,96,1A,2B,3
133320,6,172,1A,4B,1
133320,172,96,4B,2B,2
133340,143,229,4A,5B,3
133340,154,78,4A,2B,1
133340,55,177,2A,4B,1
133340,36,174,1B,4B,5
133340,40,43,1B,1B,3
133340,78,172,2B,4B,1
133360,216,65,5B,2A,1
133360,54,87,2A,2B,1
133380,187,42,5A,1B,1
133380,189,154,5A,4A,5
133380,193,153,5A,4A,1
133380,224,46,5B,1B,5
133380,229,92,5B,2B,1
133380,54,9,2A,1A,1
133380,54,116,2A,3A,2
133380,55,116,2A,3A,2
133380,87,64,2B,2A,5
133400,216,172,5B,4B,6
133400,220,193,5B,5A,1
133400,150,39,4A,1B,2
133400,121,85,3B,2B,1
133400,52,78,2A,2B,1
133400,56,57,2A,2A,1
133400,57,64,2A,2A,2
133400,82,14,2B,1A,4
133400,6,8,1A,1A,1
133420,194,46,5A,1B,2
133420,121,94,3B,2B,3
133420,121,96,3B,2B,1
133420,126,74,3B,2B,2
133420,131,5,3B,1A,2
133420,52,82,2A,2B,4
133420,54,56,2A,2A,1
133420,55,67,2A,2A,6
133420,56,64,2A,2A,1
133420,79,109,2B,3A,1
133420,79,96,2B,2B,1
133420,106,174,3A,4B,1
133420,9,119,1A,3A,1
133420,18,119,1A,3A,2
133420,83,65,2B,2A,5
133420,85,65,2B,2A,7
133420,93,96,2B,2B,6
133440,190,46,5A,1B,1
133440,123,93,3B,2B,1
133440,227,99,5B,3A,1
133440,230,46,5B,1B,1
133440,133,100,3B,3A,1
133440,55,56,2A,2A,3
133440,82,62,2B,2A,2
133440,107,92,3A,2B,5
133440,83,62,2B,2A,2
133460,201,39,5A,1B,1
133460,123,58,3B,2A,1
133460,123,117,3B,3A,8
133460,126,131,3B,3B,4
133460,126,114,3B,3A,84
133460,129,64,3B,2A,3
133460,74,96,2B,2B,1
133460,105,96,3A,2B,1
133460,5,14,1A,1A,2
133460,5,70,1A,2A,1
133460,115,96,3A,2B,1
133480,187,193,5A,5A,1
133480,72,70,2B,2A,1
133480,98,79,3A,2B,1
133480,79,105,2B,3A,2
133480,108,96,3A,2B,2
133480,109,94,3A,2B,2
133480,85,86,2B,2B,3
133480,94,62,2B,2A,2
133480,94,70,2B,2A,2
133500,121,22,3B,1A,1
133500,133,135,3B,3B,7
133500,58,22,2A,1A,1
133500,100,94,3A,2B,1
133500,82,85,2B,2B,3
133500,107,118,3A,3A,8
133500,114,115,3A,3A,5
133500,117,96,3A,2B,4
133520,219,23,5B,1B,1
133520,225,27,5B,1B,1
133520,123,96,3B,2B,2
133520,129,111,3B,3A,1
133520,57,85,2A,2B,1
133520,135,83,3B,2B,2
133520,72,74,2B,2B,3
133540,120,133,3B,3B,6
133540,129,114,3B,3A,1
133540,230,176,5B,4B,1
133540,55,65,2A,2A,8
133540,72,107,2B,3A,2
133540,83,94,2B,2B,3
133560,126,94,3B,2B,1
133560,158,65,4A,2A,1
133560,9,179,1A,4B,8
133560,18,179,1A,4B,6
133560,116,85,3A,2B,1
133560,83,70,2B,2A,1
133580,225,18,5B,1A,1
133580,143,177,4A,4B,13
133580,150,38,4A,1B,6
133580,121,58,3B,2A,2
133580,56,82,2A,2B,1
133580,105,118,3A,3A,2
133580,82,106,2B,3A,1
133580,106,64,3A,2A,8
133580,174,64,4B,2A,1
133600,193,74,5A,2B,1
133600,224,142,5B,4A,1
133600,197,56,5A,2A,1
133600,120,26,3B,1B,1
133600,121,123,3B,3B,12
133600,52,55,2A,2A,6
133600,55,94,2A,2B,5
133600,23,32,1B,1B,1
133600,23,94,1B,2B,1
133600,39,14,1B,1A,1
133600,40,174,1B,4B,2
133600,40,181,1B,4B,2
133620,200,2,5A,1A,1
133620,201,26,5A,1B,1
133620,201,92,5A,2B,1
133620,126,159,3B,4A,2
133620,126,176,3B,4B,1
133620,129,115,3B,3A,2
133620,26,70,1B,2A,1
133620,39,111,1B,3A,1
133620,98,82,3A,2B,2
133620,98,181,3A,4B,1
133620,115,46,3A,1B,2
133640,217,142,5B,4A,3
133640,194,199,5A,5A,7
133640,194,158,5A,4A,1
133640,197,181,5A,4B,1
133640,230,18,5B,1A,1
133640,133,14,3B,1A,12
133640,52,67,2A,2A,6
133640,57,26,2A,1B,2
133640,82,94,2B,2B,2
133640,2,111,1A,3A,1
133660,196,201,5A,5A,1
133660,204,60,5A,2A,1
133660,131,75,3B,2B,2
133660,54,114,2A,3A,1
133660,55,74,2A,2B,10
133660,27,72,1B,2B,4
133660,27,92,1B,2B,5
133660,32,174,1B,4B,3
133660,135,2,3B,1A,1
133660,74,115,2B,3A,9
133660,75,62,2B,2A,3
133660,82,87,2B,2B,2
133660,2,43,1A,1B,2
133680,208,196,5B,5A,3
133680,187,199,5A,5A,2
133680,193,155,5A,4A,1
133680,197,150,5A,4A,1
133680,201,43,5A,1B,1
133680,149,56,4A,2A,1
133680,123,107,3B,3A,2
133680,126,162,3B,4A,1
133680,133,22,3B,1A,2
133680,52,115,2A,3A,2
133680,26,83,1B,2B,1
133680,135,6,3B,1A,3
133680,158,93,4A,2B,1
133680,158,94,4A,2B,1
133680,18,162,1A,4A,1
133680,176,65,4B,2A,3
133680,62,64,2A,2A,2
133700,208,150,5B,4A,1
133700,216,177,5B,4B,3
133700,193,196,5A,5A,2
133700,224,83,5B,2B,1
133700,196,43,5A,1B,1
133700,200,36,5A,1B,1
133700,149,83,4A,2B,3
133700,123,162,3B,4A,1
133700,133,38,3B,1B,1
133700,133,62,3B,2A,3
133700,55,107,2A,3A,1
133700,55,93,2A,2B,1
133700,60,64,2A,2A,3
133700,27,22,1B,1A,1
133700,36,181,1B,4B,2
133700,41,108,1B,3A,2
133700,42,108,1B,3A,2
133700,105,116,3A,3A,1
133700,115,62,3A,2A,3
133720,214,43,5B,1B,8
133720,187,197,5A,5A,1
133720,193,197,5A,5A,2
133720,194,43,5A,1B,1
133720,224,67,5B,2A,1
133720,225,54,5B,2A,1
133720,204,52,5A,2A,1
133720,150,230,4A,5B,1
133720,150,111,4A,3A,1
133720,156,126,4A,3B,2
133720,120,9,3B,1A,2
133720,121,62,3B,2A,2
133720,230,52,5B,2A,1
133720,52,27,2A,1B,1
133720,72,105,2B,3A,3
133720,72,65,2B,2A,4
133720,43,181,1B,4B,2
133720,14,107,1A,3A,6
133720,176,94,4B,2B,2
133720,118,94,3A,2B,1
133720,94,65,2B,2A,32
133740,223,224,5B,5B,1
133740,149,98,4A,3A,1
133740,155,2,4A,1A,1
133740,56,18,2A,1A,1
133740,26,74,1B,2B,2
133740,26,108,1B,3A,1
133740,135,22,3B,1A,1
133740,99,94,3A,2B,2
133740,82,108,2B,3A,3
133740,106,162,3A,4A,1
133760,133,26,3B,1B,1
133760,55,26,2A,1B,1
133760,98,162,3A,4A,1
133760,82,83,2B,2B,4
133760,82,92,2B,2B,2
133760,109,116,3A,3A,16
133760,109,119,3A,3A,18
133760,114,162,3A,4A,1
133760,83,86,2B,2B,1
133760,83,92,2B,2B,6
133760,83,64,2B,2A,4
133780,224,196,5B,5A,9
133780,153,32,4A,1B,1
133780,153,40,4A,1B,1
133780,156,2,4A,1A,1
133780,129,179,3B,4B,1
133780,133,55,3B,2A,3
133780,26,159,1B,4A,2
133780,26,107,1B,3A,1
133780,98,87,3A,2B,1
133780,108,114,3A,3A,4
133780,18,85,1A,2B,4
133780,18,67,1A,2A,13
133800,197,199,5A,5A,3
133800,121,98,3B,3A,1
133800,123,9,3B,1A,1
133800,129,159,3B,4A,1
133800,131,109,3B,3A,2
133800,55,115,2A,3A,9
133800,39,43,1B,1B,1
133800,105,87,3A,2B,1
133820,214,42,5B,1B,1
133820,219,204,5B,5A,3
133820,194,197,5A,5A,1
133820,153,174,4A,4B,1
133820,120,92,3B,2B,4
133820,55,109,2A,3A,1
133820,27,36,1B,1B,1
133820,27,39,1B,1B,60
133820,135,98,3B,3A,5
133820,158,174,4A,4B,1
133820,98,18,3A,1A,3
133820,6,22,1A,1A,15
133840,193,201,5A,5A,1
133840,142,42,4A,1B,7
133840,126,9,3B,1A,3
133840,38,46,1B,1B,85
133840,135,99,3B,3A,2
133840,135,105,3B,3A,7
133840,72,67,2B,2A,8
133840,78,115,2B,3A,1
133840,99,9,3A,1A,2
133840,6,107,1A,3A,2
133840,18,94,1A,2B,11
133860,216,154,5B,4A,1
133860,189,5,5A,1A,1
133860,190,196,5A,5A,1
133860,196,160,5A,4A,1
133860,199,8,5A,1A,1
133860,204,174,5A,4B,1
133860,149,156,4A,4A,3
133860,121,93,3B,2B,1
133860,126,18,3B,1A,3
133860,230,8,5B,1A,2
133860,56,9,2A,1A,1
133860,26,38,1B,1B,1
133860,32,160,1B,4A,1
133860,40,158,1B,4A,1
133860,78,92,2B,2B,2
133860,159,62,4A,2A,1
133860,79,107,2B,3A,5
133860,2,107,1A,3A,3
133860,18,114,1A,3A,4
133860,117,65,3A,2A,6
133860,87,92,2B,2B,4
133880,208,5,5B,1A,1
133880,210,219,5B,5B,1
133880,214,39,5B,1B,1
133880,224,199,5B,5A,8
133880,72,117,2B,3A,6
133880,159,79,4A,2B,1
133880,159,2,4A,1A,1
133880,22,116,1A,3A,3
133900,214,40,5B,1B,3
133900,142,181,4A,4B,1
133900,201,229,5A,5B,1
133900,156,41,4A,1B,1
133900,57,60,2A,2A,2
133900,60,107,2A,3A,1
133900,39,176,1B,4B,1
133900,72,78,2B,2B,2
133900,78,117,2B,3A,6
133900,9,114,1A,3A,1
133900,176,181,4B,4B,1
133900,92,67,2B,2A,1
133900,67,70,2A,2A,9
133920,214,176,5B,4B,1
133920,220,40,5B,1B,1
133920,200,227,5A,5B,1
133920,58,82,2A,2B,3
133920,58,86,2A,2B,2
133920,5,172,1A,4B,1
133920,92,70,2B,2A,1
133940,214,153,5B,4A,1
133940,219,201,5B,5A,1
133940,149,26,4A,1B,47
133940,155,43,4A,1B,1
133940,126,72,3B,2B,6
133940,133,9,3B,1A,4
133940,32,181,1B,4B,1
133940,5,179,1A,4B,1
133960,193,143,5A,4A,1
133960,121,107,3B,3A,10
133960,131,82,3B,2B,1
133960,131,64,3B,2A,3
133960,41,5,1B,1A,1
133960,8,179,1A,4B,1
133960,92,65,2B,2A,18
133980,143,230,4A,5B,2
133980,150,172,4A,4B,1
133980,121,67,3B,2A,1
133980,135,18,3B,1A,4
133980,74,79,2B,2B,4
133980,82,107,2B,3A,1
133980,43,174,1B,4B,2
133980,107,86,3A,2B,1
134000,219,206,5B,5A,8
134000,225,43,5B,1B,1
134000,225,172,5B,4B,1
134000,149,8,4A,1A,1
134000,121,5,3B,1A,3
134000,129,2,3B,1A,3
134000,32,38,1B,1B,85
134000,8,162,1A,4A,1
134000,9,64,1A,2A,2
134000,108,64,3A,2A,5
134000,117,64,3A,2A,6
134020,225,23,5B,1B,14
134020,225,174,5B,4B,1
134020,156,227,4A,5B,1
134020,120,85,3B,2B,2
134020,230,172,5B,4B,1
134020,72,119,2B,3A,1
134020,2,5,1A,1A,17
134020,106,116,3A,3A,17
134020,9,94,1A,2B,1
134020,172,162,4B,4A,2
134040,156,43,4A,1B,11
134040,227,230,5B,5B,1
134040,133,72,3B,2B,1
134040,56,72,2A,2B,3
134040,42,8,1B,1A,1
134040,42,176,1B,4B,63
134040,9,108,1A,3A,20
134040,18,117,1A,3A,4
134060,201,41,5A,1B,46
134060,120,96,3B,2B,1
134060,131,9,3B,1A,9
134060,28,159,1B,4A,1
134060,42,158,1B,4A,19
134060,42,179,1B,4B,39
134060,74,108,2B,3A,1
134060,108,18,3A,1A,2
134060,86,87,2B,2B,21
134080,194,159,5A,4A,10
134080,194,160,5A,4A,33
134080,156,181,4A,4B,5
134080,86,70,2B,2A,6
134100,219,41,5B,1B,9
134100,100,106,3A,3A,16
134100,159,160,4A,4A,32
134100,18,65,1A,2A,4
134100,114,83,3A,2B,9
134100,114,85,3A,2B,4
134120,194,223,5A,5B,16
134120,126,85,3B,2B,3
134120,100,119,3A,3A,10
134140,210,230,5B,5B,1
134140,216,27,5B,1B,9
134140,217,159,5B,4A,6
134140,129,5,3B,1A,1
134160,155,26,4A,1B,27
134160,120,54,3B,2A,1
134160,54,60,2A,2A,1
134160,100,64,3A,2A,1
134160,105,9,3A,1A,3
134160,116,118,3A,3A,1
134180,121,9,3B,1A,19
134180,121,18,3B,1A,5
134180,121,117,3B,3A,1
134200,121,135,3B,3B,7
134220,200,41,5A,1B,22
134220,52,118,2A,3A,1
134220,52,70,2A,2A,1
134220,58,5,2A,1A,1
134220,74,82,2B,2B,2
134220,118,67,3A,2A,1
134220,118,70,3A,2A,1
134240,219,200,5B,5A,8
134240,187,149,5A,4A,8
134240,142,179,4A,4B,4
134240,79,5,2B,1A,2
134260,189,28,5A,1B,14
134260,121,126,3B,3B,1
134260,126,118,3B,3A,2
134260,9,107,1A,3A,6
134280,126,5,3B,1A,1
134280,78,64,2B,2A,5
134280,5,114,1A,3A,1
134280,108,85,3A,2B,2
134280,83,93,2B,2B,4
134300,224,204,5B,5A,11
134300,227,28,5B,1B,7
134300,117,67,3A,2A,5
134320,217,220,5B,5B,12
134320,225,143,5B,4A,1
134320,121,115,3B,3A,12
134320,56,8,2A,1A,4
134320,56,117,2A,3A,1
134320,57,92,2A,2B,2
134320,75,5,2B,1A,1
134320,78,86,2B,2B,9
134320,106,119,3A,3A,11
134320,8,117,1A,3A,4
134320,8,67,1A,2A,12
134340,121,14,3B,1A,2
134340,131,2,3B,1A,1
134340,55,85,2A,2B,5
134340,56,115,2A,3A,1
134340,27,177,1B,4B,3
134340,72,8,2B,1A,5
134360,129,14,3B,1A,1
134360,56,100,2A,3A,1
134360,57,22,2A,1A,2
134360,135,14,3B,1A,7
134360,5,115,1A,3A,3
134380,126,8,3B,1A,6
134380,126,117,3B,3A,9
134380,52,2,2A,1A,2
134380,56,75,2A,2B,2
134380,57,82,2A,2B,3
134380,105,18,3A,1A,3
134380,8,114,1A,3A,6
134380,14,118,1A,3A,4
134400,133,114,3B,3A,1
134400,72,18,2B,1A,8
134400,74,75,2B,2B,2
134400,100,5,3A,1A,1
134420,214,46,5B,1B,15
134420,216,28,5B,1B,20
134420,14,115,1A,3A,4
134420,108,67,3A,2A,1
134440,9,115,1A,3A,5
134480,9,14,1A,1A,4
134480,114,65,3A,2A,7
134500,120,55,3B,2A,4
134520,120,65,3B,2A,4
134520,57,93,2A,2B,2
134520,2,8,1A,1A,1
134540,126,55,3B,2A,2
134540,126,65,3B,2A,4
134540,109,96,3A,2B,3
134560,156,174,4A,4B,4
134560,120,107,3B,3A,29
134560,54,100,2A,3A,1
134560,56,79,2A,2B,2
134560,56,92,2A,2B,6
134560,8,83,1A,2B,4
134560,8,85,1A,2B,5
134580,126,2,3B,1A,1
134580,72,98,2B,3A,2
134580,2,114,1A,3A,2
134580,117,86,3A,2B,1
134600,129,9,3B,1A,1
134600,109,92,3A,2B,4
134620,58,64,2A,2A,1
134660,208,200,5B,5A,1
134660,72,86,2B,2B,3
134680,154,27,4A,1B,1
134680,227,27,5B,1B,6
134680,99,18,3A,1A,2
134680,9,62,1A,2A,1
134700,82,117,2B,3A,1
134720,131,55,3B,2A,52
134720,2,22,1A,1A,6
134760,126,60,3B,2A,2
134760,131,107,3B,3A,2
134760,56,94,2A,2B,7
134780,126,93,3B,2B,4
134780,117,87,3A,2B,2
134800,155,39,4A,1B,3
134800,74,18,2B,1A,1
134800,79,2,2B,1A,1
134800,114,67,3A,2A,5
134820,197,41,5A,1B,17
134820,126,78,3B,2B,1
134820,74,92,2B,2B,11
134820,79,116,2B,3A,3
134820,116,94,3A,2B,1
134840,54,117,2A,3A,1
134840,5,118,1A,3A,1
134840,8,65,1A,2A,7
134840,108,65,3A,2A,1
134860,56,135,2A,3B,2
134860,100,117,3A,3A,1
134860,5,22,1A,1A,5
134860,8,108,1A,3A,2
134860,8,18,1A,1A,1
134860,14,22,1A,1A,1
134860,109,117,3A,3A,3
134860,64,70,2A,2A,2
134880,58,87,2A,2B,3
134880,60,82,2A,2B,4
134880,75,92,2B,2B,2
134880,82,93,2B,2B,6
134880,9,118,1A,3A,2
134900,52,65,2A,2A,14
134920,57,106,2A,3A,1
134920,58,78,2A,2B,4
134920,108,115,3A,3A,2
134940,56,114,2A,3A,2
134940,79,65,2B,2A,9
134960,55,72,2A,2B,2
134960,58,14,2A,1A,1
134960,28,162,1B,4A,4
134960,99,108,3A,3A,2
134960,107,117,3A,3A,1
134960,116,92,3A,2B,1
134980,98,14,3A,1A,1
134980,105,8,3A,1A,1
135000,126,70,3B,2A,2
135000,100,6,3A,1A,1
135000,86,93,2B,2B,1
135020,217,194,5B,5A,4
135020,57,6,2A,1A,1
135020,72,109,2B,3A,1
135020,107,85,3A,2B,2
135020,92,119,2B,3A,1
135040,208,219,5B,5B,1
135040,123,114,3B,3A,5
135040,57,2,2A,1A,2
135060,123,118,3B,3A,11
135060,126,58,3B,2A,1
135060,98,92,3A,2B,1
135080,55,64,2A,2A,1
135080,57,72,2A,2B,1
135100,123,55,3B,2A,3
135100,123,115,3B,3A,4
135120,129,85,3B,2B,1
135120,86,67,2B,2A,1
135120,93,67,2B,2A,11
135140,120,116,3B,3A,1
135140,126,99,3B,3A,10
135140,115,85,3A,2B,2
135160,98,115,3A,3A,3
135160,79,83,2B,2B,2
135160,2,6,1A,1A,4
135180,126,135,3B,3B,2
135180,133,57,3B,2A,1
135180,57,14,2A,1A,2
135200,206,41,5A,1B,7
135220,52,83,2A,2B,1
135220,78,83,2B,2B,2
135260,123,78,3B,2B,1
135260,54,115,2A,3A,1
135280,126,56,3B,2A,2
135280,126,67,3B,2A,3
135280,78,114,2B,3A,2
135280,98,8,3A,1A,1
135280,118,96,3A,2B,1
135320,210,156,5B,4A,3
135320,52,14,2A,1A,2
135320,74,14,2B,1A,1
135320,100,107,3A,3A,4
135320,14,92,1A,2B,1
135320,115,65,3A,2A,4
135360,131,86,3B,2B,1
135360,131,70,3B,2A,3
135360,100,115,3A,3A,6
135360,109,115,3A,3A,9
135380,133,106,3B,3A,1
135380,133,116,3B,3A,2
135400,56,70,2A,2A,3
135420,123,14,3B,1A,4
135420,131,100,3B,3A,1
135440,126,14,3B,1A,1
135460,133,92,3B,2B,6
135460,107,119,3A,3A,2
135480,107,109,3A,3A,16
135500,55,117,2A,3A,3
135540,56,60,2A,2A,8
135540,8,92,1A,2B,3
135560,126,82,3B,2B,2
135560,117,62,3A,2A,2
135580,55,108,2A,3A,3
135600,120,121,3B,3B,4
135600,56,93,2A,2B,1
135600,58,135,2A,3B,2
135620,56,78,2A,2B,1
135620,14,94,1A,2B,2
135620,114,70,3A,2A,2
135620,96,65,2B,2A,1
135660,121,54,3B,2A,4
135660,106,107,3A,3A,10
135660,107,116,3A,3A,1
135680,54,118,2A,3A,2
135680,78,107,2B,3A,1
135680,22,83,1A,2B,1
135720,135,65,3B,2A,1
135740,52,106,2A,3A,1
135760,120,118,3B,3A,2
135800,58,18,2A,1A,1
135800,9,109,1A,3A,1
135820,149,39,4A,1B,1
135840,126,54,3B,2A,1
135840,126,119,3B,3A,1
135840,52,93,2A,2B,1
135840,56,86,2A,2B,2
135860,214,38,5B,1B,1
135860,190,27,5A,1B,5
135860,54,62,2A,2A,1
135860,58,94,2A,2B,2
135880,189,155,5A,4A,1
135880,100,65,3A,2A,1
135900,98,70,3A,2A,1
135920,190,172,5A,4B,2
135920,74,106,2B,3A,1
135960,190,28,5A,1B,4
135960,9,96,1A,2B,1
135960,92,62,2B,2A,1
136000,2,108,1A,3A,1
136020,9,19,1A,1A,2
136040,100,92,3A,2B,1
136060,131,92,3B,2B,1
136060,105,67,3A,2A,1
136060,8,118,1A,3A,1
136080,52,109,2A,3A,1
136080,56,58,2A,2A,1
136080,58,67,2A,2A,3
136100,82,18,2B,1A,2
136120,121,65,3B,2A,1
136140,135,72,3B,2B,3
136160,131,14,3B,1A,1
136160,55,14,2A,1A,1
136160,58,105,2A,3A,1
136160,74,119,2B,3A,2
136160,75,65,2B,2A,2
136180,126,62,3B,2A,1
136200,54,83,2A,2B,1
136200,39,162,1B,4A,12
136220,131,105,3B,3A,1
136220,18,92,1A,2B,2
136240,55,98,2A,3A,1
136260,129,87,3B,2B,2
136260,54,8,2A,1A,1
136260,98,9,3A,1A,1
136320,58,65,2A,2A,1
136340,156,172,4A,4B,2
136340,126,133,3B,3B,1
136340,129,18,3B,1A,1
136340,14,65,1A,2A,1
136360,154,156,4A,4A,2
136380,210,177,5B,4B,1
136380,2,117,1A,3A,1
136400,220,177,5B,4B,1
136400,204,159,5A,4A,2
136400,15,21,1A,1A,3
136420,217,230,5B,5B,1
136420,60,18,2A,1A,1
136420,9,21,1A,1A,4
136440,120,93,3B,2B,1
136440,123,64,3B,2A,8
136440,56,107,2A,3A,1
136440,9,15,1A,1A,10
136440,109,65,3A,2A,1
136460,72,108,2B,3A,1
136460,82,9,2B,1A,1
136460,2,96,1A,2B,2
136460,62,67,2A,2A,1
136480,155,207,4A,5A,3
136480,54,93,2A,2B,2
136480,18,118,1A,3A,4
136480,172,176,4B,4B,1
136520,197,42,5A,1B,1
136540,120,70,3B,2A,1
136540,133,94,3B,2B,3
136540,93,62,2B,2A,1
136560,26,207,1B,5A,2
136560,14,119,1A,3A,1
136580,158,177,4A,4B,1
136580,0,9,1A,1A,1
136580,0,15,1A,1A,1
136580,16,18,1A,1A,3
136600,52,116,2A,3A,1
136600,52,119,2A,3A,1
136600,74,94,2B,2B,1
136620,52,22,2A,1A,1
136620,55,22,2A,1A,1
136620,58,83,2A,2B,3
136620,6,115,1A,3A,1
136620,96,67,2B,2A,1
136640,120,22,3B,1A,1
136640,123,82,3B,2B,1
136640,100,18,3A,1A,1
136640,117,83,3A,2B,2
136660,105,115,3A,3A,3
136680,55,2,2A,1A,1
136680,8,93,1A,2B,1
136680,93,65,2B,2A,1
136700,28,177,1B,4B,1
136700,11,22,1A,1A,2
136720,219,197,5B,5A,3
136720,52,1,2A,1A,1
136720,54,7,2A,1A,1
136720,28,172,1B,4B,2
136720,1,2,1A,1A,1
136720,1,5,1A,1A,1
136720,7,96,1A,2B,1
136720,109,64,3A,2A,2
136720,114,62,3A,2A,1
136740,74,93,2B,2B,2
136740,1,16,1A,1A,1
136740,1,65,1A,2A,1
136760,75,117,2B,3A,1
136760,0,94,1A,2B,1
136760,6,11,1A,1A,1
136780,54,72,2A,2B,2
136780,72,96,2B,2B,2
136780,2,116,1A,3A,1
136780,6,19,1A,1A,1
136780,9,16,1A,1A,1
136800,126,64,3B,2A,1
136800,60,70,2A,2A,1
136800,11,19,1A,1A,1
136800,14,15,1A,1A,1
136800,108,20,3A,1A,1
136800,17,67,1A,2A,1
136800,18,20,1A,1A,1
136800,114,119,3A,3A,1
