0,1711,1A,F
1,1752,1A,M
2,1757,1A,F
3,1759,1A,M
4,1760,1A,F
5,1761,1A,M
6,1764,1A,M
7,1766,1A,M
8,1767,1A,M
9,1768,1A,F
10,1770,1A,F
11,1772,1A,F
12,1774,1A,F
13,1775,1A,Unknown
14,1778,1A,F
15,1783,1A,M
16,1787,1A,F
17,1789,1A,M
18,1790,1A,F
19,1792,1A,M
20,1796,1A,F
21,1798,1A,M
22,1799,1A,Unknown
23,1656,1B,M
24,1661,1B,F
25,1663,1B,F
26,1664,1B,M
27,1665,1B,M
28,1666,1B,M
29,1670,1B,F
30,1673,1B,M
31,1674,1B,F
32,1675,1B,F
33,1680,1B,F
34,1681,1B,M
35,1682,1B,F
36,1684,1B,F
37,1687,1B,F
38,1688,1B,M
39,1695,1B,F
40,1696,1B,F
41,1697,1B,M
42,1698,1B,M
43,1765,1B,F
44,1779,1B,M
45,1908,1B,M
46,1912,1B,M
47,1920,1B,F
48,1603,2A,F
49,1604,2A,F
50,1606,2A,F
51,1609,2A,F
52,1613,2A,M
53,1616,2A,F
54,1617,2A,F
55,1625,2A,M
56,1628,2A,M
57,1641,2A,F
58,1643,2A,F
59,1647,2A,M
60,1648,2A,F
61,1649,2A,M
62,1902,2A,M
63,1906,2A,F
64,1907,2A,F
65,1911,2A,M
66,1913,2A,F
67,1916,2A,M
68,1917,2A,F
69,1919,2A,M
70,1922,2A,F
71,1702,2B,F
72,1704,2B,M
73,1706,2B,F
74,1708,2B,M
75,1710,2B,M
76,1713,2B,F
77,1715,2B,F
78,1718,2B,F
79,1732,2B,M
80,1739,2B,M
81,1743,2B,F
82,1749,2B,F
83,1851,2B,M
84,1854,2B,F
85,1855,2B,M
86,1858,2B,F
87,1861,2B,F
88,1863,2B,M
89,1872,2B,F
90,1877,2B,F
91,1883,2B,M
92,1887,2B,M
93,1889,2B,F
94,1890,2B,M
95,1897,2B,F
96,1898,2B,F
97,1714,3A,M
98,1719,3A,F
99,1720,3A,F
100,1722,3A,F
101,1723,3A,M
102,1737,3A,M
103,1738,3A,F
104,1741,3A,M
105,1748,3A,M
106,1763,3A,M
107,1780,3A,M
108,1782,3A,M
109,1795,3A,F
110,1800,3A,F
111,1801,3A,F
112,1809,3A,F
113,1820,3A,M
114,1822,3A,M
115,1833,3A,M
116,1838,3A,M
117,1843,3A,M
118,1859,3A,F
119,1909,3A,M
120,1551,3B,M
121,1552,3B,F
122,1555,3B,F
123,1558,3B,M
124,1560,3B,F
125,1562,3B,F
126,1564,3B,M
127,1567,3B,M
128,1570,3B,F
129,1572,3B,F
130,1574,3B,F
131,1579,3B,M
132,1580,3B,M
133,1594,3B,M
134,1685,3B,F
135,1700,3B,F
136,1707,3B,M
137,1712,3B,F
138,1727,3B,F
139,1731,3B,M
140,1735,3B,M
141,1744,3B,M
142,1500,4A,M
143,1503,4A,F
144,1504,4A,F
145,1519,4A,F
146,1524,4A,F
147,1525,4A,M
148,1528,4A,M
149,1532,4A,M
150,1533,4A,M
151,1538,4A,F
152,1539,4A,F
153,1545,4A,M
154,1546,4A,F
155,1548,4A,M
156,1549,4A,M
157,1618,4A,Unknown
158,1705,4A,M
159,1730,4A,Unknown
160,1797,4A,M
161,1815,4A,F
162,1837,4A,M
163,1601,4B,F
164,1630,4B,M
165,1632,4B,F
166,1802,4B,M
167,1803,4B,M
168,1805,4B,M
169,1807,4B,F
170,1818,4B,M
171,1819,4B,F
172,1821,4B,F
173,1831,4B,F
174,1835,4B,F
175,1836,4B,M
176,1847,4B,M
177,1857,4B,F
178,1865,4B,M
179,1866,4B,M
180,1880,4B,M
181,1885,4B,M
182,1888,4B,M
183,1892,4B,M
184,1895,4B,F
185,1910,4B,F
186,1451,5A,F
187,1452,5A,M
188,1453,5A,F
189,1457,5A,F
190,1458,5A,M
191,1459,5A,M
192,1461,5A,F
193,1468,5A,M
194,1477,5A,M
195,1479,5A,M
196,1483,5A,F
197,1493,5A,F
198,1495,5A,M
199,1498,5A,M
200,1501,5A,F
201,1502,5A,F
202,1511,5A,M
203,1516,5A,M
204,1520,5A,F
205,1522,5A,M
206,1637,5A,Unknown
207,1751,5A,F
208,1426,5B,M
209,1427,5B,F
210,1428,5B,M
211,1429,5B,F
212,1430,5B,M
213,1431,5B,F
214,1434,5B,F
215,1435,5B,M
216,1437,5B,F
217,1439,5B,M
218,1441,5B,M
219,1443,5B,F
220,1465,5B,F
221,1471,5B,M
222,1475,5B,F
223,1480,5B,F
224,1482,5B,M
225,1486,5B,M
226,1489,5B,F
227,1563,5B,F
228,1578,5B,M
229,1585,5B,M
230,1592,5B,M
231,1750,5B,M
232,1521,Teachers,Unknown
233,1650,Teachers,Unknown
234,1653,Teachers,Unknown
235,1668,Teachers,Unknown
236,1709,Teachers,Unknown
237,1745,Teachers,Unknown
238,1746,Teachers,Unknown
239,1753,Teachers,Unknown
240,1824,Teachers,Unknown
241,1852,Teachers,Unknown
